id,source_id,target_id,relationship_type
1,1,2,FOLLOWS
2,1,3,FOLLOWS
3,1,11,FOLLOWS
4,1,19,FOLLOWS
5,1,23,FOLLOWS
6,1,31,FOLLOWS
7,1,35,FOLLOWS
8,1,47,FOLLOWS
9,1,59,FOLLOWS
10,1,71,FOLLOWS
11,2,1,FOLLOWS
12,2,5,FOLLOWS
13,2,9,FOLLOWS
14,2,21,FOLLOWS
15,2,33,FOLLOWS
16,2,45,FOLLOWS
17,2,57,FOLLOWS
18,2,69,FOLLOWS
19,3,1,FOLLOWS
20,3,14,FOLLOWS
21,3,26,FOLLOWS
22,3,34,FOLLOWS
23,3,38,FOLLOWS
24,3,50,FOLLOWS
25,3,62,FOLLOWS
26,3,74,FOLLOWS
27,4,1,FOLLOWS
28,4,11,FOLLOWS
29,4,19,FOLLOWS
30,4,31,FOLLOWS
31,4,43,FOLLOWS
32,4,55,FOLLOWS
33,4,67,FOLLOWS
34,4,79,FOLLOWS
35,5,2,FOLLOWS
36,5,9,FOLLOWS
37,5,21,FOLLOWS
38,5,29,FOLLOWS
39,5,33,FOLLOWS
40,5,45,FOLLOWS
41,5,57,FOLLOWS
42,5,69,FOLLOWS
43,6,3,FOLLOWS
44,6,14,FOLLOWS
45,6,22,FOLLOWS
46,6,26,FOLLOWS
47,6,38,FOLLOWS
48,6,50,FOLLOWS
49,6,62,FOLLOWS
50,7,4,FOLLOWS
51,7,16,FOLLOWS
52,7,28,FOLLOWS
53,7,40,FOLLOWS
54,7,52,FOLLOWS
55,7,64,FOLLOWS
56,7,76,FOLLOWS
57,8,1,FOLLOWS
58,8,11,FOLLOWS
59,8,23,FOLLOWS
60,8,35,FOLLOWS
61,8,47,FOLLOWS
62,8,59,FOLLOWS
63,8,71,FOLLOWS
64,9,2,FOLLOWS
65,9,5,FOLLOWS
66,9,21,FOLLOWS
67,9,33,FOLLOWS
68,9,45,FOLLOWS
69,9,57,FOLLOWS
70,9,69,FOLLOWS
71,9,81,FOLLOWS
72,10,3,FOLLOWS
73,10,7,FOLLOWS
74,10,22,FOLLOWS
75,10,34,FOLLOWS
76,10,46,FOLLOWS
77,10,58,FOLLOWS
78,10,70,FOLLOWS
79,10,82,FOLLOWS
80,11,1,FOLLOWS
81,11,4,FOLLOWS
82,11,19,FOLLOWS
83,11,23,FOLLOWS
84,11,35,FOLLOWS
85,11,47,FOLLOWS
86,11,59,FOLLOWS
87,11,71,FOLLOWS
88,12,7,FOLLOWS
89,12,24,FOLLOWS
90,12,36,FOLLOWS
91,12,48,FOLLOWS
92,12,60,FOLLOWS
93,12,72,FOLLOWS
94,12,84,FOLLOWS
95,13,2,FOLLOWS
96,13,25,FOLLOWS
97,13,37,FOLLOWS
98,13,49,FOLLOWS
99,13,61,FOLLOWS
100,13,73,FOLLOWS
101,13,85,FOLLOWS
102,14,3,FOLLOWS
103,14,6,FOLLOWS
104,14,26,FOLLOWS
105,14,38,FOLLOWS
106,14,50,FOLLOWS
107,14,62,FOLLOWS
108,14,74,FOLLOWS
109,14,86,FOLLOWS
110,15,4,FOLLOWS
111,15,27,FOLLOWS
112,15,39,FOLLOWS
113,15,51,FOLLOWS
114,15,63,FOLLOWS
115,15,75,FOLLOWS
116,15,87,FOLLOWS
117,16,7,FOLLOWS
118,16,28,FOLLOWS
119,16,40,FOLLOWS
120,16,52,FOLLOWS
121,16,64,FOLLOWS
122,16,76,FOLLOWS
123,16,88,FOLLOWS
124,17,2,FOLLOWS
125,17,29,FOLLOWS
126,17,41,FOLLOWS
127,17,53,FOLLOWS
128,17,65,FOLLOWS
129,17,77,FOLLOWS
130,17,89,FOLLOWS
131,18,3,FOLLOWS
132,18,30,FOLLOWS
133,18,42,FOLLOWS
134,18,54,FOLLOWS
135,18,66,FOLLOWS
136,18,78,FOLLOWS
137,18,90,FOLLOWS
138,19,1,FOLLOWS
139,19,4,FOLLOWS
140,19,31,FOLLOWS
141,19,43,FOLLOWS
142,19,55,FOLLOWS
143,19,67,FOLLOWS
144,19,79,FOLLOWS
145,19,91,FOLLOWS
146,20,7,FOLLOWS
147,20,32,FOLLOWS
148,20,44,FOLLOWS
149,20,56,FOLLOWS
150,20,68,FOLLOWS
151,20,80,FOLLOWS
152,20,92,FOLLOWS
153,21,2,FOLLOWS
154,21,5,FOLLOWS
155,21,9,FOLLOWS
156,21,33,FOLLOWS
157,21,45,FOLLOWS
158,21,57,FOLLOWS
159,21,69,FOLLOWS
160,21,81,FOLLOWS
161,22,6,FOLLOWS
162,22,10,FOLLOWS
163,22,34,FOLLOWS
164,22,46,FOLLOWS
165,22,58,FOLLOWS
166,22,70,FOLLOWS
167,22,82,FOLLOWS
168,22,94,FOLLOWS
169,23,1,FOLLOWS
170,23,8,FOLLOWS
171,23,11,FOLLOWS
172,23,35,FOLLOWS
173,23,47,FOLLOWS
174,23,59,FOLLOWS
175,23,71,FOLLOWS
176,23,83,FOLLOWS
177,24,7,FOLLOWS
178,24,12,FOLLOWS
179,24,36,FOLLOWS
180,24,48,FOLLOWS
181,24,60,FOLLOWS
182,24,72,FOLLOWS
183,24,84,FOLLOWS
184,24,96,FOLLOWS
185,25,2,FOLLOWS
186,25,13,FOLLOWS
187,25,37,FOLLOWS
188,25,49,FOLLOWS
189,25,61,FOLLOWS
190,25,73,FOLLOWS
191,25,85,FOLLOWS
192,25,97,FOLLOWS
193,26,3,FOLLOWS
194,26,14,FOLLOWS
195,26,38,FOLLOWS
196,26,50,FOLLOWS
197,26,62,FOLLOWS
198,26,74,FOLLOWS
199,26,86,FOLLOWS
200,26,98,FOLLOWS
201,27,4,FOLLOWS
202,27,15,FOLLOWS
203,27,39,FOLLOWS
204,27,51,FOLLOWS
205,27,63,FOLLOWS
206,27,75,FOLLOWS
207,27,87,FOLLOWS
208,27,99,FOLLOWS
209,28,7,FOLLOWS
210,28,16,FOLLOWS
211,28,40,FOLLOWS
212,28,52,FOLLOWS
213,28,64,FOLLOWS
214,28,76,FOLLOWS
215,28,88,FOLLOWS
216,28,100,FOLLOWS
217,29,2,FOLLOWS
218,29,17,FOLLOWS
219,29,41,FOLLOWS
220,29,53,FOLLOWS
221,29,65,FOLLOWS
222,29,77,FOLLOWS
223,29,89,FOLLOWS
224,30,3,FOLLOWS
225,30,18,FOLLOWS
226,30,42,FOLLOWS
227,30,54,FOLLOWS
228,30,66,FOLLOWS
229,30,78,FOLLOWS
230,30,90,FOLLOWS
231,31,1,FOLLOWS
232,31,4,FOLLOWS
233,31,19,FOLLOWS
234,31,43,FOLLOWS
235,31,55,FOLLOWS
236,31,67,FOLLOWS
237,31,79,FOLLOWS
238,31,91,FOLLOWS
239,32,7,FOLLOWS
240,32,20,FOLLOWS
241,32,44,FOLLOWS
242,32,56,FOLLOWS
243,32,68,FOLLOWS
244,32,80,FOLLOWS
245,32,92,FOLLOWS
246,33,2,FOLLOWS
247,33,5,FOLLOWS
248,33,21,FOLLOWS
249,33,45,FOLLOWS
250,33,57,FOLLOWS
251,33,69,FOLLOWS
252,33,81,FOLLOWS
253,33,93,FOLLOWS
254,34,3,FOLLOWS
255,34,10,FOLLOWS
256,34,22,FOLLOWS
257,34,46,FOLLOWS
258,34,58,FOLLOWS
259,34,70,FOLLOWS
260,34,82,FOLLOWS
261,34,94,FOLLOWS
262,35,1,FOLLOWS
263,35,8,FOLLOWS
264,35,23,FOLLOWS
265,35,47,FOLLOWS
266,35,59,FOLLOWS
267,35,71,FOLLOWS
268,35,83,FOLLOWS
269,35,95,FOLLOWS
270,36,7,FOLLOWS
271,36,12,FOLLOWS
272,36,24,FOLLOWS
273,36,48,FOLLOWS
274,36,60,FOLLOWS
275,36,72,FOLLOWS
276,36,84,FOLLOWS
277,36,96,FOLLOWS
278,37,2,FOLLOWS
279,37,13,FOLLOWS
280,37,25,FOLLOWS
281,37,49,FOLLOWS
282,37,61,FOLLOWS
283,37,73,FOLLOWS
284,37,85,FOLLOWS
285,37,97,FOLLOWS
286,38,3,FOLLOWS
287,38,14,FOLLOWS
288,38,26,FOLLOWS
289,38,50,FOLLOWS
290,38,62,FOLLOWS
291,38,74,FOLLOWS
292,38,86,FOLLOWS
293,38,98,FOLLOWS
294,39,4,FOLLOWS
295,39,15,FOLLOWS
296,39,27,FOLLOWS
297,39,51,FOLLOWS
298,39,63,FOLLOWS
299,39,75,FOLLOWS
300,39,87,FOLLOWS
301,39,99,FOLLOWS
302,40,7,FOLLOWS
303,40,16,FOLLOWS
304,40,28,FOLLOWS
305,40,52,FOLLOWS
306,40,64,FOLLOWS
307,40,76,FOLLOWS
308,40,88,FOLLOWS
309,40,100,FOLLOWS
310,41,2,FOLLOWS
311,41,5,FOLLOWS
312,41,29,FOLLOWS
313,41,53,FOLLOWS
314,41,65,FOLLOWS
315,41,77,FOLLOWS
316,41,89,FOLLOWS
317,42,3,FOLLOWS
318,42,6,FOLLOWS
319,42,18,FOLLOWS
320,42,54,FOLLOWS
321,42,66,FOLLOWS
322,42,78,FOLLOWS
323,42,90,FOLLOWS
324,43,4,FOLLOWS
325,43,19,FOLLOWS
326,43,31,FOLLOWS
327,43,55,FOLLOWS
328,43,67,FOLLOWS
329,43,79,FOLLOWS
330,43,91,FOLLOWS
331,44,7,FOLLOWS
332,44,20,FOLLOWS
333,44,32,FOLLOWS
334,44,56,FOLLOWS
335,44,68,FOLLOWS
336,44,80,FOLLOWS
337,44,92,FOLLOWS
338,45,2,FOLLOWS
339,45,9,FOLLOWS
340,45,21,FOLLOWS
341,45,33,FOLLOWS
342,45,57,FOLLOWS
343,45,69,FOLLOWS
344,45,81,FOLLOWS
345,45,93,FOLLOWS
346,46,3,FOLLOWS
347,46,10,FOLLOWS
348,46,22,FOLLOWS
349,46,34,FOLLOWS
350,46,58,FOLLOWS
351,46,70,FOLLOWS
352,46,82,FOLLOWS
353,46,94,FOLLOWS
354,47,1,FOLLOWS
355,47,8,FOLLOWS
356,47,23,FOLLOWS
357,47,35,FOLLOWS
358,47,59,FOLLOWS
359,47,71,FOLLOWS
360,47,83,FOLLOWS
361,47,95,FOLLOWS
362,48,7,FOLLOWS
363,48,12,FOLLOWS
364,48,24,FOLLOWS
365,48,36,FOLLOWS
366,48,60,FOLLOWS
367,48,72,FOLLOWS
368,48,84,FOLLOWS
369,48,96,FOLLOWS
370,49,2,FOLLOWS
371,49,13,FOLLOWS
372,49,25,FOLLOWS
373,49,37,FOLLOWS
374,49,61,FOLLOWS
375,49,73,FOLLOWS
376,49,85,FOLLOWS
377,49,97,FOLLOWS
378,50,3,FOLLOWS
379,50,14,FOLLOWS
380,50,26,FOLLOWS
381,50,38,FOLLOWS
382,50,62,FOLLOWS
383,50,74,FOLLOWS
384,50,86,FOLLOWS
385,50,98,FOLLOWS
386,51,4,FOLLOWS
387,51,15,FOLLOWS
388,51,27,FOLLOWS
389,51,39,FOLLOWS
390,51,63,FOLLOWS
391,51,75,FOLLOWS
392,51,87,FOLLOWS
393,51,99,FOLLOWS
394,52,7,FOLLOWS
395,52,16,FOLLOWS
396,52,28,FOLLOWS
397,52,40,FOLLOWS
398,52,64,FOLLOWS
399,52,76,FOLLOWS
400,52,88,FOLLOWS
401,52,100,FOLLOWS
402,53,2,FOLLOWS
403,53,17,FOLLOWS
404,53,29,FOLLOWS
405,53,41,FOLLOWS
406,53,65,FOLLOWS
407,53,77,FOLLOWS
408,53,89,FOLLOWS
409,54,3,FOLLOWS
410,54,18,FOLLOWS
411,54,30,FOLLOWS
412,54,42,FOLLOWS
413,54,66,FOLLOWS
414,54,78,FOLLOWS
415,54,90,FOLLOWS
416,55,4,FOLLOWS
417,55,19,FOLLOWS
418,55,31,FOLLOWS
419,55,43,FOLLOWS
420,55,67,FOLLOWS
421,55,79,FOLLOWS
422,55,91,FOLLOWS
423,56,7,FOLLOWS
424,56,20,FOLLOWS
425,56,32,FOLLOWS
426,56,44,FOLLOWS
427,56,68,FOLLOWS
428,56,80,FOLLOWS
429,56,92,FOLLOWS
430,57,2,FOLLOWS
431,57,9,FOLLOWS
432,57,21,FOLLOWS
433,57,45,FOLLOWS
434,57,69,FOLLOWS
435,57,81,FOLLOWS
436,57,93,FOLLOWS
437,58,3,FOLLOWS
438,58,10,FOLLOWS
439,58,22,FOLLOWS
440,58,46,FOLLOWS
441,58,70,FOLLOWS
442,58,82,FOLLOWS
443,58,94,FOLLOWS
444,59,1,FOLLOWS
445,59,11,FOLLOWS
446,59,23,FOLLOWS
447,59,47,FOLLOWS
448,59,71,FOLLOWS
449,59,83,FOLLOWS
450,59,95,FOLLOWS
451,60,7,FOLLOWS
452,60,12,FOLLOWS
453,60,24,FOLLOWS
454,60,48,FOLLOWS
455,60,72,FOLLOWS
456,60,84,FOLLOWS
457,60,96,FOLLOWS
458,61,2,FOLLOWS
459,61,13,FOLLOWS
460,61,25,FOLLOWS
461,61,49,FOLLOWS
462,61,73,FOLLOWS
463,61,85,FOLLOWS
464,61,97,FOLLOWS
465,62,3,FOLLOWS
466,62,6,FOLLOWS
467,62,14,FOLLOWS
468,62,50,FOLLOWS
469,62,74,FOLLOWS
470,62,86,FOLLOWS
471,62,98,FOLLOWS
472,63,4,FOLLOWS
473,63,15,FOLLOWS
474,63,27,FOLLOWS
475,63,51,FOLLOWS
476,63,75,FOLLOWS
477,63,87,FOLLOWS
478,63,99,FOLLOWS
479,64,7,FOLLOWS
480,64,16,FOLLOWS
481,64,28,FOLLOWS
482,64,52,FOLLOWS
483,64,76,FOLLOWS
484,64,88,FOLLOWS
485,64,100,FOLLOWS
486,65,2,FOLLOWS
487,65,17,FOLLOWS
488,65,29,FOLLOWS
489,65,53,FOLLOWS
490,65,77,FOLLOWS
491,65,89,FOLLOWS
492,66,3,FOLLOWS
493,66,18,FOLLOWS
494,66,30,FOLLOWS
495,66,54,FOLLOWS
496,66,78,FOLLOWS
497,66,90,FOLLOWS
498,67,4,FOLLOWS
499,67,19,FOLLOWS
500,67,31,FOLLOWS
501,67,55,FOLLOWS
502,67,79,FOLLOWS
503,67,91,FOLLOWS
504,68,7,FOLLOWS
505,68,20,FOLLOWS
506,68,32,FOLLOWS
507,68,56,FOLLOWS
508,68,80,FOLLOWS
509,68,92,FOLLOWS
510,69,2,FOLLOWS
511,69,5,FOLLOWS
512,69,9,FOLLOWS
513,69,21,FOLLOWS
514,69,81,FOLLOWS
515,69,93,FOLLOWS
516,70,3,FOLLOWS
517,70,10,FOLLOWS
518,70,22,FOLLOWS
519,70,34,FOLLOWS
520,70,82,FOLLOWS
521,70,94,FOLLOWS
522,71,1,FOLLOWS
523,71,11,FOLLOWS
524,71,23,FOLLOWS
525,71,35,FOLLOWS
526,71,83,FOLLOWS
527,71,95,FOLLOWS
528,72,7,FOLLOWS
529,72,12,FOLLOWS
530,72,24,FOLLOWS
531,72,36,FOLLOWS
532,72,84,FOLLOWS
533,72,96,FOLLOWS
534,73,2,FOLLOWS
535,73,13,FOLLOWS
536,73,25,FOLLOWS
537,73,37,FOLLOWS
538,73,85,FOLLOWS
539,73,97,FOLLOWS
540,74,3,FOLLOWS
541,74,14,FOLLOWS
542,74,26,FOLLOWS
543,74,38,FOLLOWS
544,74,86,FOLLOWS
545,74,98,FOLLOWS
546,75,4,FOLLOWS
547,75,15,FOLLOWS
548,75,27,FOLLOWS
549,75,39,FOLLOWS
550,75,87,FOLLOWS
551,75,99,FOLLOWS
552,76,7,FOLLOWS
553,76,16,FOLLOWS
554,76,28,FOLLOWS
555,76,40,FOLLOWS
556,76,88,FOLLOWS
557,76,100,FOLLOWS
558,77,2,FOLLOWS
559,77,17,FOLLOWS
560,77,29,FOLLOWS
561,77,41,FOLLOWS
562,77,89,FOLLOWS
563,78,3,FOLLOWS
564,78,18,FOLLOWS
565,78,30,FOLLOWS
566,78,42,FOLLOWS
567,78,90,FOLLOWS
568,79,4,FOLLOWS
569,79,19,FOLLOWS
570,79,31,FOLLOWS
571,79,43,FOLLOWS
572,79,91,FOLLOWS
573,80,7,FOLLOWS
574,80,20,FOLLOWS
575,80,32,FOLLOWS
576,80,44,FOLLOWS
577,80,92,FOLLOWS
578,81,2,FOLLOWS
579,81,5,FOLLOWS
580,81,9,FOLLOWS
581,81,21,FOLLOWS
582,81,93,FOLLOWS
583,82,3,FOLLOWS
584,82,6,FOLLOWS
585,82,22,FOLLOWS
586,82,34,FOLLOWS
587,82,94,FOLLOWS
588,83,1,FOLLOWS
589,83,8,FOLLOWS
590,83,23,FOLLOWS
591,83,35,FOLLOWS
592,83,95,FOLLOWS
593,84,7,FOLLOWS
594,84,12,FOLLOWS
595,84,24,FOLLOWS
596,84,36,FOLLOWS
597,84,96,FOLLOWS
598,85,2,FOLLOWS
599,85,13,FOLLOWS
600,85,25,FOLLOWS
601,85,37,FOLLOWS
602,85,97,FOLLOWS
603,86,3,FOLLOWS
604,86,14,FOLLOWS
605,86,26,FOLLOWS
606,86,38,FOLLOWS
607,86,98,FOLLOWS
608,87,4,FOLLOWS
609,87,15,FOLLOWS
610,87,27,FOLLOWS
611,87,39,FOLLOWS
612,87,99,FOLLOWS
613,88,7,FOLLOWS
614,88,16,FOLLOWS
615,88,28,FOLLOWS
616,88,40,FOLLOWS
617,88,100,FOLLOWS
618,89,2,FOLLOWS
619,89,5,FOLLOWS
620,89,29,FOLLOWS
621,89,41,FOLLOWS
622,90,3,FOLLOWS
623,90,18,FOLLOWS
624,90,30,FOLLOWS
625,90,42,FOLLOWS
626,91,4,FOLLOWS
627,91,19,FOLLOWS
628,91,31,FOLLOWS
629,91,43,FOLLOWS
630,92,7,FOLLOWS
631,92,20,FOLLOWS
632,92,32,FOLLOWS
633,92,44,FOLLOWS
634,93,2,FOLLOWS
635,93,9,FOLLOWS
636,93,21,FOLLOWS
637,93,33,FOLLOWS
638,94,3,FOLLOWS
639,94,10,FOLLOWS
640,94,34,FOLLOWS
641,94,46,FOLLOWS
642,95,1,FOLLOWS
643,95,11,FOLLOWS
644,95,23,FOLLOWS
645,95,35,FOLLOWS
646,96,7,FOLLOWS
647,96,12,FOLLOWS
648,96,24,FOLLOWS
649,96,36,FOLLOWS
650,97,2,FOLLOWS
651,97,13,FOLLOWS
652,97,25,FOLLOWS
653,97,37,FOLLOWS
654,98,3,FOLLOWS
655,98,14,FOLLOWS
656,98,26,FOLLOWS
657,98,38,FOLLOWS
658,99,4,FOLLOWS
659,99,15,FOLLOWS
660,99,27,FOLLOWS
661,99,39,FOLLOWS
662,100,7,FOLLOWS
663,100,16,FOLLOWS
664,100,28,FOLLOWS
665,100,40,FOLLOWS
666,101,1,FOLLOWS
667,101,11,FOLLOWS
668,101,23,FOLLOWS
669,101,35,FOLLOWS
670,101,59,FOLLOWS
671,101,71,FOLLOWS
672,101,111,FOLLOWS
673,101,123,FOLLOWS
674,101,135,FOLLOWS
675,101,147,FOLLOWS
676,102,2,FOLLOWS
677,102,9,FOLLOWS
678,102,21,FOLLOWS
679,102,33,FOLLOWS
680,102,45,FOLLOWS
681,102,57,FOLLOWS
682,102,109,FOLLOWS
683,102,121,FOLLOWS
684,102,133,FOLLOWS
685,102,145,FOLLOWS
686,103,3,FOLLOWS
687,103,14,FOLLOWS
688,103,26,FOLLOWS
689,103,38,FOLLOWS
690,103,50,FOLLOWS
691,103,62,FOLLOWS
692,103,114,FOLLOWS
693,103,126,FOLLOWS
694,103,138,FOLLOWS
695,103,150,FOLLOWS
696,104,4,FOLLOWS
697,104,19,FOLLOWS
698,104,31,FOLLOWS
699,104,43,FOLLOWS
700,104,55,FOLLOWS
701,104,67,FOLLOWS
702,104,119,FOLLOWS
703,104,131,FOLLOWS
704,104,143,FOLLOWS
705,104,155,FOLLOWS
706,105,5,FOLLOWS
707,105,9,FOLLOWS
708,105,21,FOLLOWS
709,105,33,FOLLOWS
710,105,45,FOLLOWS
711,105,57,FOLLOWS
712,105,109,FOLLOWS
713,105,121,FOLLOWS
714,105,133,FOLLOWS
715,105,145,FOLLOWS
716,106,6,FOLLOWS
717,106,14,FOLLOWS
718,106,26,FOLLOWS
719,106,38,FOLLOWS
720,106,50,FOLLOWS
721,106,62,FOLLOWS
722,106,114,FOLLOWS
723,106,126,FOLLOWS
724,106,138,FOLLOWS
725,106,150,FOLLOWS
726,107,7,FOLLOWS
727,107,16,FOLLOWS
728,107,28,FOLLOWS
729,107,40,FOLLOWS
730,107,52,FOLLOWS
731,107,64,FOLLOWS
732,107,116,FOLLOWS
733,107,128,FOLLOWS
734,107,140,FOLLOWS
735,107,152,FOLLOWS
736,108,1,FOLLOWS
737,108,8,FOLLOWS
738,108,23,FOLLOWS
739,108,35,FOLLOWS
740,108,47,FOLLOWS
741,108,59,FOLLOWS
742,108,111,FOLLOWS
743,108,123,FOLLOWS
744,108,135,FOLLOWS
745,108,147,FOLLOWS
746,109,2,FOLLOWS
747,109,5,FOLLOWS
748,109,21,FOLLOWS
749,109,33,FOLLOWS
750,109,45,FOLLOWS
751,109,57,FOLLOWS
752,109,102,FOLLOWS
753,109,121,FOLLOWS
754,109,133,FOLLOWS
755,109,145,FOLLOWS
756,110,3,FOLLOWS
757,110,10,FOLLOWS
758,110,22,FOLLOWS
759,110,34,FOLLOWS
760,110,46,FOLLOWS
761,110,58,FOLLOWS
762,110,103,FOLLOWS
763,110,122,FOLLOWS
764,110,134,FOLLOWS
765,110,146,FOLLOWS
766,111,1,FOLLOWS
767,111,11,FOLLOWS
768,111,23,FOLLOWS
769,111,35,FOLLOWS
770,111,47,FOLLOWS
771,111,59,FOLLOWS
772,111,101,FOLLOWS
773,111,123,FOLLOWS
774,111,135,FOLLOWS
775,111,147,FOLLOWS
776,112,7,FOLLOWS
777,112,12,FOLLOWS
778,112,24,FOLLOWS
779,112,36,FOLLOWS
780,112,48,FOLLOWS
781,112,60,FOLLOWS
782,112,107,FOLLOWS
783,112,124,FOLLOWS
784,112,136,FOLLOWS
785,112,148,FOLLOWS
786,113,2,FOLLOWS
787,113,13,FOLLOWS
788,113,25,FOLLOWS
789,113,37,FOLLOWS
790,113,49,FOLLOWS
791,113,61,FOLLOWS
792,113,102,FOLLOWS
793,113,125,FOLLOWS
794,113,137,FOLLOWS
795,113,149,FOLLOWS
796,114,3,FOLLOWS
797,114,14,FOLLOWS
798,114,26,FOLLOWS
799,114,38,FOLLOWS
800,114,50,FOLLOWS
801,114,62,FOLLOWS
802,114,103,FOLLOWS
803,114,126,FOLLOWS
804,114,138,FOLLOWS
805,114,150,FOLLOWS
806,115,4,FOLLOWS
807,115,15,FOLLOWS
808,115,27,FOLLOWS
809,115,39,FOLLOWS
810,115,51,FOLLOWS
811,115,63,FOLLOWS
812,115,104,FOLLOWS
813,115,127,FOLLOWS
814,115,139,FOLLOWS
815,115,151,FOLLOWS
816,116,7,FOLLOWS
817,116,16,FOLLOWS
818,116,28,FOLLOWS
819,116,40,FOLLOWS
820,116,52,FOLLOWS
821,116,64,FOLLOWS
822,116,107,FOLLOWS
823,116,128,FOLLOWS
824,116,140,FOLLOWS
825,116,152,FOLLOWS
826,117,2,FOLLOWS
827,117,17,FOLLOWS
828,117,29,FOLLOWS
829,117,41,FOLLOWS
830,117,53,FOLLOWS
831,117,65,FOLLOWS
832,117,102,FOLLOWS
833,117,129,FOLLOWS
834,117,141,FOLLOWS
835,117,153,FOLLOWS
836,118,3,FOLLOWS
837,118,18,FOLLOWS
838,118,30,FOLLOWS
839,118,42,FOLLOWS
840,118,54,FOLLOWS
841,118,66,FOLLOWS
842,118,103,FOLLOWS
843,118,130,FOLLOWS
844,118,142,FOLLOWS
845,118,154,FOLLOWS
846,119,4,FOLLOWS
847,119,19,FOLLOWS
848,119,31,FOLLOWS
849,119,43,FOLLOWS
850,119,55,FOLLOWS
851,119,67,FOLLOWS
852,119,104,FOLLOWS
853,119,131,FOLLOWS
854,119,143,FOLLOWS
855,119,155,FOLLOWS
856,120,7,FOLLOWS
857,120,20,FOLLOWS
858,120,32,FOLLOWS
859,120,44,FOLLOWS
860,120,56,FOLLOWS
861,120,68,FOLLOWS
862,120,107,FOLLOWS
863,120,132,FOLLOWS
864,120,144,FOLLOWS
865,120,156,FOLLOWS
866,121,2,FOLLOWS
867,121,5,FOLLOWS
868,121,9,FOLLOWS
869,121,21,FOLLOWS
870,121,33,FOLLOWS
871,121,45,FOLLOWS
872,121,102,FOLLOWS
873,121,105,FOLLOWS
874,121,133,FOLLOWS
875,121,145,FOLLOWS
876,122,3,FOLLOWS
877,122,6,FOLLOWS
878,122,10,FOLLOWS
879,122,22,FOLLOWS
880,122,34,FOLLOWS
881,122,46,FOLLOWS
882,122,103,FOLLOWS
883,122,106,FOLLOWS
884,122,134,FOLLOWS
885,122,146,FOLLOWS
886,123,1,FOLLOWS
887,123,8,FOLLOWS
888,123,11,FOLLOWS
889,123,23,FOLLOWS
890,123,35,FOLLOWS
891,123,47,FOLLOWS
892,123,101,FOLLOWS
893,123,108,FOLLOWS
894,123,135,FOLLOWS
895,123,147,FOLLOWS
896,124,7,FOLLOWS
897,124,12,FOLLOWS
898,124,24,FOLLOWS
899,124,36,FOLLOWS
900,124,48,FOLLOWS
901,124,60,FOLLOWS
902,124,107,FOLLOWS
903,124,112,FOLLOWS
904,124,136,FOLLOWS
905,124,148,FOLLOWS
906,125,2,FOLLOWS
907,125,13,FOLLOWS
908,125,25,FOLLOWS
909,125,37,FOLLOWS
910,125,49,FOLLOWS
911,125,61,FOLLOWS
912,125,102,FOLLOWS
913,125,113,FOLLOWS
914,125,137,FOLLOWS
915,125,149,FOLLOWS
916,126,3,FOLLOWS
917,126,14,FOLLOWS
918,126,26,FOLLOWS
919,126,38,FOLLOWS
920,126,50,FOLLOWS
921,126,62,FOLLOWS
922,126,103,FOLLOWS
923,126,114,FOLLOWS
924,126,138,FOLLOWS
925,126,150,FOLLOWS
926,127,4,FOLLOWS
927,127,15,FOLLOWS
928,127,27,FOLLOWS
929,127,39,FOLLOWS
930,127,51,FOLLOWS
931,127,63,FOLLOWS
932,127,104,FOLLOWS
933,127,115,FOLLOWS
934,127,139,FOLLOWS
935,127,151,FOLLOWS
936,128,7,FOLLOWS
937,128,16,FOLLOWS
938,128,28,FOLLOWS
939,128,40,FOLLOWS
940,128,52,FOLLOWS
941,128,64,FOLLOWS
942,128,107,FOLLOWS
943,128,116,FOLLOWS
944,128,140,FOLLOWS
945,128,152,FOLLOWS
946,129,2,FOLLOWS
947,129,17,FOLLOWS
948,129,29,FOLLOWS
949,129,41,FOLLOWS
950,129,53,FOLLOWS
951,129,65,FOLLOWS
952,129,102,FOLLOWS
953,129,117,FOLLOWS
954,129,141,FOLLOWS
955,129,153,FOLLOWS
956,130,3,FOLLOWS
957,130,18,FOLLOWS
958,130,30,FOLLOWS
959,130,42,FOLLOWS
960,130,54,FOLLOWS
961,130,66,FOLLOWS
962,130,103,FOLLOWS
963,130,118,FOLLOWS
964,130,142,FOLLOWS
965,130,154,FOLLOWS
966,131,4,FOLLOWS
967,131,19,FOLLOWS
968,131,31,FOLLOWS
969,131,43,FOLLOWS
970,131,55,FOLLOWS
971,131,67,FOLLOWS
972,131,104,FOLLOWS
973,131,119,FOLLOWS
974,131,143,FOLLOWS
975,131,155,FOLLOWS
976,132,7,FOLLOWS
977,132,20,FOLLOWS
978,132,32,FOLLOWS
979,132,44,FOLLOWS
980,132,56,FOLLOWS
981,132,68,FOLLOWS
982,132,107,FOLLOWS
983,132,120,FOLLOWS
984,132,144,FOLLOWS
985,132,156,FOLLOWS
986,340,201,FOLLOWS
987,363,481,FOLLOWS
988,169,417,FOLLOWS
989,186,10,FOLLOWS
990,116,71,FOLLOWS
991,79,84,FOLLOWS
992,402,230,FOLLOWS
993,284,479,FOLLOWS
994,14,213,FOLLOWS
995,258,192,FOLLOWS
996,42,192,FOLLOWS
997,75,71,FOLLOWS
998,464,41,FOLLOWS
999,111,428,FOLLOWS
1000,122,155,FOLLOWS
1001,295,124,FOLLOWS
1002,150,220,FOLLOWS
1003,181,124,FOLLOWS
1004,489,270,FOLLOWS
1005,130,383,FOLLOWS
1006,404,35,FOLLOWS
1007,376,337,FOLLOWS
1008,171,69,FOLLOWS
1009,94,416,FOLLOWS
1010,19,151,FOLLOWS
1011,98,147,FOLLOWS
1012,170,140,FOLLOWS
1013,165,53,FOLLOWS
1014,486,30,FOLLOWS
1015,18,65,FOLLOWS
1016,333,143,FOLLOWS
1017,256,266,FOLLOWS
1018,134,361,FOLLOWS
1019,252,103,FOLLOWS
1020,149,457,FOLLOWS
1021,103,406,FOLLOWS
1022,405,253,FOLLOWS
1023,412,283,FOLLOWS
1024,453,45,FOLLOWS
1025,422,295,FOLLOWS
1026,400,283,FOLLOWS
1027,79,156,FOLLOWS
1028,129,101,FOLLOWS
1029,283,141,FOLLOWS
1030,156,315,FOLLOWS
1031,258,329,FOLLOWS
1032,15,42,FOLLOWS
1033,351,208,FOLLOWS
1034,38,353,FOLLOWS
1035,264,288,FOLLOWS
1036,124,239,FOLLOWS
1037,231,127,FOLLOWS
1038,370,161,FOLLOWS
1039,240,256,FOLLOWS
1040,255,12,FOLLOWS
1041,5,434,FOLLOWS
1042,24,206,FOLLOWS
1043,288,100,FOLLOWS
1044,148,38,FOLLOWS
1045,231,392,FOLLOWS
1046,24,20,FOLLOWS
1047,289,154,FOLLOWS
1048,9,189,FOLLOWS
1049,57,214,FOLLOWS
1050,408,461,FOLLOWS
1051,353,323,FOLLOWS
1052,299,246,FOLLOWS
1053,431,195,FOLLOWS
1054,349,125,FOLLOWS
1055,486,359,FOLLOWS
1056,211,257,FOLLOWS
1057,377,373,FOLLOWS
1058,71,266,FOLLOWS
1059,412,355,FOLLOWS
1060,143,286,FOLLOWS
1061,148,63,FOLLOWS
1062,396,412,FOLLOWS
1063,140,71,FOLLOWS
1064,245,334,FOLLOWS
1065,46,334,FOLLOWS
1066,274,379,FOLLOWS
1067,368,96,FOLLOWS
1068,208,424,FOLLOWS
1069,4,134,FOLLOWS
1070,229,386,FOLLOWS
1071,185,355,FOLLOWS
1072,463,259,FOLLOWS
1073,275,77,FOLLOWS
1074,229,415,FOLLOWS
1075,12,203,FOLLOWS
1076,479,242,FOLLOWS
1077,448,277,FOLLOWS
1078,441,179,FOLLOWS
1079,276,202,FOLLOWS
1080,23,206,FOLLOWS
1081,398,29,FOLLOWS
1082,286,486,FOLLOWS
1083,377,467,FOLLOWS
1084,348,219,FOLLOWS
1085,124,435,FOLLOWS
1086,440,363,FOLLOWS
1087,131,105,FOLLOWS
1088,190,48,FOLLOWS
1089,425,98,FOLLOWS
1090,21,448,FOLLOWS
1091,165,398,FOLLOWS
1092,158,134,FOLLOWS
1093,75,9,FOLLOWS
1094,214,152,FOLLOWS
1095,169,118,FOLLOWS
1096,252,236,FOLLOWS
1097,432,323,FOLLOWS
1098,363,78,FOLLOWS
1099,259,234,FOLLOWS
1100,316,468,FOLLOWS
1101,250,9,FOLLOWS
1102,283,211,FOLLOWS
1103,482,466,FOLLOWS
1104,124,99,FOLLOWS
1105,130,418,FOLLOWS
1106,408,204,FOLLOWS
1107,125,357,FOLLOWS
1108,327,5,FOLLOWS
1109,271,471,FOLLOWS
1110,24,474,FOLLOWS
1111,289,337,FOLLOWS
1112,493,107,FOLLOWS
1113,204,476,FOLLOWS
1114,84,289,FOLLOWS
1115,387,379,FOLLOWS
1116,353,371,FOLLOWS
1117,51,224,FOLLOWS
1118,39,175,FOLLOWS
1119,284,482,FOLLOWS
1120,38,43,FOLLOWS
1121,185,55,FOLLOWS
1122,390,139,FOLLOWS
1123,45,96,FOLLOWS
1124,53,14,FOLLOWS
1125,138,155,FOLLOWS
1126,75,33,FOLLOWS
1127,235,55,FOLLOWS
1128,14,488,FOLLOWS
1129,408,210,FOLLOWS
1130,72,325,FOLLOWS
1131,130,338,FOLLOWS
1132,206,274,FOLLOWS
1133,182,86,FOLLOWS
1134,221,55,FOLLOWS
1135,177,13,FOLLOWS
1136,374,73,FOLLOWS
1137,267,248,FOLLOWS
1138,12,435,FOLLOWS
1139,477,380,FOLLOWS
1140,90,283,FOLLOWS
1141,222,203,FOLLOWS
1142,315,453,FOLLOWS
1143,361,110,FOLLOWS
1144,33,296,FOLLOWS
1145,447,275,FOLLOWS
1146,167,101,FOLLOWS
1147,271,495,FOLLOWS
1148,301,59,FOLLOWS
1149,44,345,FOLLOWS
1150,262,199,FOLLOWS
1151,89,285,FOLLOWS
1152,148,72,FOLLOWS
1153,228,251,FOLLOWS
1154,113,150,FOLLOWS
1155,442,419,FOLLOWS
1156,444,61,FOLLOWS
1157,85,316,FOLLOWS
1158,31,292,FOLLOWS
1159,144,306,FOLLOWS
1160,166,361,FOLLOWS
1161,360,444,FOLLOWS
1162,75,365,FOLLOWS
1163,193,232,FOLLOWS
1164,434,376,FOLLOWS
1165,358,184,FOLLOWS
1166,391,25,FOLLOWS
1167,81,226,FOLLOWS
1168,353,466,FOLLOWS
1169,333,155,FOLLOWS
1170,478,449,FOLLOWS
1171,361,49,FOLLOWS
1172,245,37,FOLLOWS
1173,53,161,FOLLOWS
1174,272,289,FOLLOWS
1175,333,85,FOLLOWS
1176,45,460,FOLLOWS
1177,162,406,FOLLOWS
1178,142,331,FOLLOWS
1179,284,308,FOLLOWS
1180,383,201,FOLLOWS
1181,489,123,FOLLOWS
1182,489,395,FOLLOWS
1183,301,35,FOLLOWS
1184,486,405,FOLLOWS
1185,206,43,FOLLOWS
1186,276,316,FOLLOWS
1187,43,159,FOLLOWS
1188,29,159,FOLLOWS
1189,337,380,FOLLOWS
1190,7,363,FOLLOWS
1191,86,189,FOLLOWS
1192,346,371,FOLLOWS
1193,380,261,FOLLOWS
1194,440,442,FOLLOWS
1195,472,77,FOLLOWS
1196,492,440,FOLLOWS
1197,293,191,FOLLOWS
1198,345,462,FOLLOWS
1199,189,103,FOLLOWS
1200,460,433,FOLLOWS
1201,49,259,FOLLOWS
1202,420,202,FOLLOWS
1203,494,67,FOLLOWS
1204,377,168,FOLLOWS
1205,140,120,FOLLOWS
1206,300,56,FOLLOWS
1207,62,47,FOLLOWS
1208,357,309,FOLLOWS
1209,428,439,FOLLOWS
1210,183,203,FOLLOWS
1211,282,128,FOLLOWS
1212,63,7,FOLLOWS
1213,400,114,FOLLOWS
1214,299,301,FOLLOWS
1215,417,39,FOLLOWS
1216,228,415,FOLLOWS
1217,170,63,FOLLOWS
1218,237,26,FOLLOWS
1219,203,255,FOLLOWS
1220,350,219,FOLLOWS
1221,110,466,FOLLOWS
1222,71,215,FOLLOWS
1223,258,165,FOLLOWS
1224,399,144,FOLLOWS
1225,242,272,FOLLOWS
1226,486,113,FOLLOWS
1227,181,486,FOLLOWS
1228,252,20,FOLLOWS
1229,270,245,FOLLOWS
1230,67,175,FOLLOWS
1231,166,31,FOLLOWS
1232,203,301,FOLLOWS
1233,333,163,FOLLOWS
1234,90,194,FOLLOWS
1235,353,151,FOLLOWS
1236,395,495,FOLLOWS
1237,94,309,FOLLOWS
1238,328,290,FOLLOWS
1239,40,122,FOLLOWS
1240,172,229,FOLLOWS
1241,180,132,FOLLOWS
1242,369,1,FOLLOWS
1243,18,151,FOLLOWS
1244,134,488,FOLLOWS
1245,176,88,FOLLOWS
1246,83,375,FOLLOWS
1247,221,483,FOLLOWS
1248,311,456,FOLLOWS
1249,2,219,FOLLOWS
1250,246,103,FOLLOWS
1251,190,96,FOLLOWS
1252,342,50,FOLLOWS
1253,177,414,FOLLOWS
1254,244,154,FOLLOWS
1255,318,76,FOLLOWS
1256,388,230,FOLLOWS
1257,99,65,FOLLOWS
1258,58,213,FOLLOWS
1259,494,482,FOLLOWS
1260,293,312,FOLLOWS
1261,317,312,FOLLOWS
1262,406,82,FOLLOWS
1263,449,427,FOLLOWS
1264,30,128,FOLLOWS
1265,102,141,FOLLOWS
1266,47,146,FOLLOWS
1267,114,332,FOLLOWS
1268,112,239,FOLLOWS
1269,267,423,FOLLOWS
1270,300,53,FOLLOWS
1271,192,288,FOLLOWS
1272,56,247,FOLLOWS
1273,142,134,FOLLOWS
1274,97,77,FOLLOWS
1275,124,461,FOLLOWS
1276,72,370,FOLLOWS
1277,255,152,FOLLOWS
1278,293,418,FOLLOWS
1279,372,366,FOLLOWS
1280,93,151,FOLLOWS
1281,66,380,FOLLOWS
1282,172,336,FOLLOWS
1283,170,191,FOLLOWS
1284,196,272,FOLLOWS
1285,71,103,FOLLOWS
1286,292,458,FOLLOWS
1287,235,74,FOLLOWS
1288,91,161,FOLLOWS
1289,390,397,FOLLOWS
1290,391,400,FOLLOWS
1291,197,3,FOLLOWS
1292,427,272,FOLLOWS
1293,422,24,FOLLOWS
1294,385,97,FOLLOWS
1295,302,259,FOLLOWS
1296,188,365,FOLLOWS
1297,214,228,FOLLOWS
1298,139,319,FOLLOWS
1299,426,461,FOLLOWS
1300,369,317,FOLLOWS
1301,59,402,FOLLOWS
1302,102,312,FOLLOWS
1303,152,83,FOLLOWS
1304,343,253,FOLLOWS
1305,52,464,FOLLOWS
1306,152,136,FOLLOWS
1307,52,417,FOLLOWS
1308,379,60,FOLLOWS
1309,389,456,FOLLOWS
1310,450,376,FOLLOWS
1311,418,176,FOLLOWS
1312,455,211,FOLLOWS
1313,371,290,FOLLOWS
1314,317,49,FOLLOWS
1315,457,314,FOLLOWS
1316,330,479,FOLLOWS
1317,446,85,FOLLOWS
1318,252,165,FOLLOWS
1319,497,143,FOLLOWS
1320,229,162,FOLLOWS
1321,286,282,FOLLOWS
1322,261,288,FOLLOWS
1323,187,423,FOLLOWS
1324,389,338,FOLLOWS
1325,268,192,FOLLOWS
1326,24,460,FOLLOWS
1327,370,210,FOLLOWS
1328,313,101,FOLLOWS
1329,477,437,FOLLOWS
1330,367,174,FOLLOWS
1331,272,377,FOLLOWS
1332,472,467,FOLLOWS
1333,479,284,FOLLOWS
1334,149,352,FOLLOWS
1335,166,364,FOLLOWS
1336,268,55,FOLLOWS
1337,83,147,FOLLOWS
1338,75,430,FOLLOWS
1339,402,152,FOLLOWS
1340,115,381,FOLLOWS
1341,355,341,FOLLOWS
1342,196,199,FOLLOWS
1343,445,400,FOLLOWS
1344,227,425,FOLLOWS
1345,325,361,FOLLOWS
1346,372,494,FOLLOWS
1347,377,264,FOLLOWS
1348,434,131,FOLLOWS
1349,282,184,FOLLOWS
1350,403,259,FOLLOWS
1351,288,422,FOLLOWS
1352,333,5,FOLLOWS
1353,125,491,FOLLOWS
1354,408,484,FOLLOWS
1355,165,264,FOLLOWS
1356,428,54,FOLLOWS
1357,352,79,FOLLOWS
1358,368,170,FOLLOWS
1359,38,28,FOLLOWS
1360,129,286,FOLLOWS
1361,209,199,FOLLOWS
1362,200,345,FOLLOWS
1363,149,403,FOLLOWS
1364,421,339,FOLLOWS
1365,73,64,FOLLOWS
1366,73,83,FOLLOWS
1367,291,437,FOLLOWS
1368,129,51,FOLLOWS
1369,36,461,FOLLOWS
1370,249,231,FOLLOWS
1371,329,224,FOLLOWS
1372,185,69,FOLLOWS
1373,250,283,FOLLOWS
1374,331,311,FOLLOWS
1375,457,276,FOLLOWS
1376,376,454,FOLLOWS
1377,394,303,FOLLOWS
1378,376,439,FOLLOWS
1379,204,187,FOLLOWS
1380,388,264,FOLLOWS
1381,75,377,FOLLOWS
1382,481,184,FOLLOWS
1383,390,250,FOLLOWS
1384,136,190,FOLLOWS
1385,406,185,FOLLOWS
1386,21,333,FOLLOWS
1387,90,193,FOLLOWS
1388,257,452,FOLLOWS
1389,85,118,FOLLOWS
1390,330,144,FOLLOWS
1391,96,81,FOLLOWS
1392,108,303,FOLLOWS
1393,427,211,FOLLOWS
1394,21,457,FOLLOWS
1395,29,86,FOLLOWS
1396,339,421,FOLLOWS
1397,44,111,FOLLOWS
1398,242,445,FOLLOWS
1399,262,136,FOLLOWS
1400,306,303,FOLLOWS
1401,194,198,FOLLOWS
1402,358,272,FOLLOWS
1403,429,357,FOLLOWS
1404,210,186,FOLLOWS
1405,285,248,FOLLOWS
1406,362,204,FOLLOWS
1407,3,412,FOLLOWS
1408,223,46,FOLLOWS
1409,114,190,FOLLOWS
1410,500,81,FOLLOWS
1411,343,203,FOLLOWS
1412,103,266,FOLLOWS
1413,287,469,FOLLOWS
1414,233,477,FOLLOWS
1415,3,134,FOLLOWS
1416,407,295,FOLLOWS
1417,248,395,FOLLOWS
1418,442,15,FOLLOWS
1419,133,35,FOLLOWS
1420,128,148,FOLLOWS
1421,458,294,FOLLOWS
1422,447,136,FOLLOWS
1423,278,491,FOLLOWS
1424,7,346,FOLLOWS
1425,298,52,FOLLOWS
1426,281,135,FOLLOWS
1427,144,231,FOLLOWS
1428,412,121,FOLLOWS
1429,439,196,FOLLOWS
1430,243,413,FOLLOWS
1431,216,256,FOLLOWS
1432,440,291,FOLLOWS
1433,51,354,FOLLOWS
1434,111,417,FOLLOWS
1435,430,323,FOLLOWS
1436,415,132,FOLLOWS
1437,146,182,FOLLOWS
1438,229,456,FOLLOWS
1439,41,83,FOLLOWS
1440,203,139,FOLLOWS
1441,231,212,FOLLOWS
1442,438,12,FOLLOWS
1443,243,281,FOLLOWS
1444,15,18,FOLLOWS
1445,269,328,FOLLOWS
1446,241,274,FOLLOWS
1447,245,154,FOLLOWS
1448,119,408,FOLLOWS
1449,135,41,FOLLOWS
1450,94,70,FOLLOWS
1451,97,165,FOLLOWS
1452,96,498,FOLLOWS
1453,373,5,FOLLOWS
1454,488,75,FOLLOWS
1455,398,201,FOLLOWS
1456,425,7,FOLLOWS
1457,394,366,FOLLOWS
1458,395,500,FOLLOWS
1459,378,18,FOLLOWS
1460,377,395,FOLLOWS
1461,341,107,FOLLOWS
1462,166,82,FOLLOWS
1463,327,153,FOLLOWS
1464,325,223,FOLLOWS
1465,5,497,FOLLOWS
1466,306,80,FOLLOWS
1467,46,128,FOLLOWS
1468,321,31,FOLLOWS
1469,331,79,FOLLOWS
1470,406,55,FOLLOWS
1471,404,331,FOLLOWS
1472,99,11,FOLLOWS
1473,184,371,FOLLOWS
1474,357,251,FOLLOWS
1475,96,279,FOLLOWS
1476,284,83,FOLLOWS
1477,135,278,FOLLOWS
1478,428,481,FOLLOWS
1479,448,17,FOLLOWS
1480,249,99,FOLLOWS
1481,411,328,FOLLOWS
1482,213,421,FOLLOWS
1483,137,271,FOLLOWS
1484,37,428,FOLLOWS
1485,270,337,FOLLOWS
1486,86,406,FOLLOWS
1487,372,166,FOLLOWS
1488,456,155,FOLLOWS
1489,475,293,FOLLOWS
1490,20,236,FOLLOWS
1491,71,136,FOLLOWS
1492,299,128,FOLLOWS
1493,416,154,FOLLOWS
1494,406,248,FOLLOWS
1495,419,223,FOLLOWS
1496,309,476,FOLLOWS
1497,157,269,FOLLOWS
1498,258,358,FOLLOWS
1499,305,295,FOLLOWS
1500,202,76,FOLLOWS
1501,397,358,FOLLOWS
1502,70,247,FOLLOWS
1503,37,137,FOLLOWS
1504,305,336,FOLLOWS
1505,227,320,FOLLOWS
1506,58,379,FOLLOWS
1507,57,157,FOLLOWS
1508,276,109,FOLLOWS
1509,268,385,FOLLOWS
1510,340,270,FOLLOWS
1511,88,31,FOLLOWS
1512,28,239,FOLLOWS
1513,10,150,FOLLOWS
1514,333,198,FOLLOWS
1515,12,21,FOLLOWS
1516,202,382,FOLLOWS
1517,321,155,FOLLOWS
1518,230,278,FOLLOWS
1519,351,410,FOLLOWS
1520,71,159,FOLLOWS
1521,212,493,FOLLOWS
1522,55,68,FOLLOWS
1523,306,119,FOLLOWS
1524,14,184,FOLLOWS
1525,400,245,FOLLOWS
1526,84,99,FOLLOWS
1527,104,388,FOLLOWS
1528,455,127,FOLLOWS
1529,20,267,FOLLOWS
1530,203,377,FOLLOWS
1531,493,26,FOLLOWS
1532,86,217,FOLLOWS
1533,331,232,FOLLOWS
1534,257,58,FOLLOWS
1535,300,481,FOLLOWS
1536,166,231,FOLLOWS
1537,47,129,FOLLOWS
1538,314,487,FOLLOWS
1539,282,195,FOLLOWS
1540,394,365,FOLLOWS
1541,492,104,FOLLOWS
1542,392,130,FOLLOWS
1543,95,76,FOLLOWS
1544,179,19,FOLLOWS
1545,309,153,FOLLOWS
1546,45,26,FOLLOWS
1547,141,169,FOLLOWS
1548,314,30,FOLLOWS
1549,45,248,FOLLOWS
1550,100,1,FOLLOWS
1551,327,109,FOLLOWS
1552,4,59,FOLLOWS
1553,175,203,FOLLOWS
1554,316,492,FOLLOWS
1555,90,100,FOLLOWS
1556,275,459,FOLLOWS
1557,144,431,FOLLOWS
1558,96,305,FOLLOWS
1559,401,385,FOLLOWS
1560,440,162,FOLLOWS
1561,140,212,FOLLOWS
1562,269,155,FOLLOWS
1563,192,402,FOLLOWS
1564,104,468,FOLLOWS
1565,106,371,FOLLOWS
1566,447,45,FOLLOWS
1567,103,99,FOLLOWS
1568,81,141,FOLLOWS
1569,282,164,FOLLOWS
1570,294,126,FOLLOWS
1571,277,228,FOLLOWS
1572,393,239,FOLLOWS
1573,187,201,FOLLOWS
1574,250,16,FOLLOWS
1575,366,408,FOLLOWS
1576,285,333,FOLLOWS
1577,303,212,FOLLOWS
1578,125,281,FOLLOWS
1579,247,197,FOLLOWS
1580,167,285,FOLLOWS
1581,228,91,FOLLOWS
1582,112,419,FOLLOWS
1583,46,299,FOLLOWS
1584,437,151,FOLLOWS
1585,163,365,FOLLOWS
1586,344,65,FOLLOWS
1587,37,332,FOLLOWS
1588,261,218,FOLLOWS
1589,354,41,FOLLOWS
1590,274,399,FOLLOWS
1591,151,149,FOLLOWS
1592,436,402,FOLLOWS
1593,440,132,FOLLOWS
1594,58,310,FOLLOWS
1595,44,496,FOLLOWS
1596,243,135,FOLLOWS
1597,446,223,FOLLOWS
1598,350,490,FOLLOWS
1599,172,139,FOLLOWS
1600,51,131,FOLLOWS
1601,302,395,FOLLOWS
1602,93,161,FOLLOWS
1603,113,372,FOLLOWS
1604,99,18,FOLLOWS
1605,487,307,FOLLOWS
1606,363,491,FOLLOWS
1607,130,151,FOLLOWS
1608,395,166,FOLLOWS
1609,400,38,FOLLOWS
1610,32,196,FOLLOWS
1611,136,92,FOLLOWS
1612,252,476,FOLLOWS
1613,56,74,FOLLOWS
1614,55,468,FOLLOWS
1615,133,53,FOLLOWS
1616,398,229,FOLLOWS
1617,1,478,FOLLOWS
1618,200,137,FOLLOWS
1619,416,403,FOLLOWS
1620,42,431,FOLLOWS
1621,91,284,FOLLOWS
1622,197,339,FOLLOWS
1623,377,98,FOLLOWS
1624,9,19,FOLLOWS
1625,380,297,FOLLOWS
1626,251,335,FOLLOWS
1627,428,303,FOLLOWS
1628,419,55,FOLLOWS
1629,33,412,FOLLOWS
1630,24,304,FOLLOWS
1631,146,214,FOLLOWS
1632,65,106,FOLLOWS
1633,155,179,FOLLOWS
1634,286,121,FOLLOWS
1635,321,338,FOLLOWS
1636,58,408,FOLLOWS
1637,255,91,FOLLOWS
1638,473,23,FOLLOWS
1639,54,380,FOLLOWS
1640,37,459,FOLLOWS
1641,460,167,FOLLOWS
1642,57,167,FOLLOWS
1643,235,369,FOLLOWS
1644,184,500,FOLLOWS
1645,172,66,FOLLOWS
1646,292,31,FOLLOWS
1647,113,454,FOLLOWS
1648,118,45,FOLLOWS
1649,237,143,FOLLOWS
1650,355,375,FOLLOWS
1651,112,68,FOLLOWS
1652,9,246,FOLLOWS
1653,466,346,FOLLOWS
1654,27,57,FOLLOWS
1655,239,317,FOLLOWS
1656,397,105,FOLLOWS
1657,333,245,FOLLOWS
1658,217,142,FOLLOWS
1659,482,453,FOLLOWS
1660,448,105,FOLLOWS
1661,322,12,FOLLOWS
1662,150,97,FOLLOWS
1663,486,267,FOLLOWS
1664,211,297,FOLLOWS
1665,331,403,FOLLOWS
1666,156,291,FOLLOWS
1667,405,157,FOLLOWS
1668,25,76,FOLLOWS
1669,122,60,FOLLOWS
1670,134,190,FOLLOWS
1671,288,363,FOLLOWS
1672,163,177,FOLLOWS
1673,274,155,FOLLOWS
1674,375,246,FOLLOWS
1675,72,348,FOLLOWS
1676,158,13,FOLLOWS
1677,48,168,FOLLOWS
1678,143,101,FOLLOWS
1679,344,491,FOLLOWS
1680,438,219,FOLLOWS
1681,191,7,FOLLOWS
1682,307,45,FOLLOWS
1683,269,172,FOLLOWS
1684,46,4,FOLLOWS
1685,387,469,FOLLOWS
1686,284,252,FOLLOWS
1687,238,115,FOLLOWS
1688,126,15,FOLLOWS
1689,62,192,FOLLOWS
1690,84,298,FOLLOWS
1691,70,183,FOLLOWS
1692,140,185,FOLLOWS
1693,424,433,FOLLOWS
1694,155,139,FOLLOWS
1695,353,186,FOLLOWS
1696,53,112,FOLLOWS
1697,114,426,FOLLOWS
1698,236,470,FOLLOWS
1699,61,114,FOLLOWS
1700,158,65,FOLLOWS
1701,402,58,FOLLOWS
1702,22,101,FOLLOWS
1703,130,23,FOLLOWS
1704,179,181,FOLLOWS
1705,499,372,FOLLOWS
1706,302,95,FOLLOWS
1707,390,161,FOLLOWS
1708,57,267,FOLLOWS
1709,286,370,FOLLOWS
1710,168,253,FOLLOWS
1711,189,92,FOLLOWS
1712,346,252,FOLLOWS
1713,203,206,FOLLOWS
1714,433,207,FOLLOWS
1715,249,262,FOLLOWS
1716,394,233,FOLLOWS
1717,129,251,FOLLOWS
1718,498,92,FOLLOWS
1719,348,168,FOLLOWS
1720,319,320,FOLLOWS
1721,104,151,FOLLOWS
1722,61,197,FOLLOWS
1723,19,17,FOLLOWS
1724,284,351,FOLLOWS
1725,81,260,FOLLOWS
1726,393,146,FOLLOWS
1727,15,303,FOLLOWS
1728,380,299,FOLLOWS
1729,50,220,FOLLOWS
1730,194,293,FOLLOWS
1731,392,342,FOLLOWS
1732,148,136,FOLLOWS
1733,304,173,FOLLOWS
1734,291,411,FOLLOWS
1735,479,290,FOLLOWS
1736,31,268,FOLLOWS
1737,77,99,FOLLOWS
1738,409,424,FOLLOWS
1739,104,82,FOLLOWS
1740,330,437,FOLLOWS
1741,161,309,FOLLOWS
1742,257,478,FOLLOWS
1743,341,425,FOLLOWS
1744,255,453,FOLLOWS
1745,161,169,FOLLOWS
1746,112,74,FOLLOWS
1747,110,497,FOLLOWS
1748,359,486,FOLLOWS
1749,402,480,FOLLOWS
1750,464,311,FOLLOWS
1751,344,123,FOLLOWS
1752,122,440,FOLLOWS
1753,121,153,FOLLOWS
1754,423,83,FOLLOWS
1755,15,391,FOLLOWS
1756,406,329,FOLLOWS
1757,161,295,FOLLOWS
1758,377,69,FOLLOWS
1759,453,293,FOLLOWS
1760,485,291,FOLLOWS
1761,345,254,FOLLOWS
1762,148,383,FOLLOWS
1763,235,44,FOLLOWS
1764,69,447,FOLLOWS
1765,49,286,FOLLOWS
1766,307,364,FOLLOWS
1767,24,3,FOLLOWS
1768,298,92,FOLLOWS
1769,73,134,FOLLOWS
1770,463,449,FOLLOWS
1771,28,118,FOLLOWS
1772,240,224,FOLLOWS
1773,76,64,FOLLOWS
1774,422,140,FOLLOWS
1775,14,146,FOLLOWS
1776,292,67,FOLLOWS
1777,166,409,FOLLOWS
1778,196,48,FOLLOWS
1779,444,205,FOLLOWS
1780,437,107,FOLLOWS
1781,62,153,FOLLOWS
1782,68,184,FOLLOWS
1783,217,47,FOLLOWS
1784,223,323,FOLLOWS
1785,238,347,FOLLOWS
1786,352,366,FOLLOWS
1787,154,431,FOLLOWS
1788,219,152,FOLLOWS
1789,394,258,FOLLOWS
1790,223,274,FOLLOWS
1791,203,60,FOLLOWS
1792,412,155,FOLLOWS
1793,97,440,FOLLOWS
1794,247,333,FOLLOWS
1795,249,242,FOLLOWS
1796,201,27,FOLLOWS
1797,284,149,FOLLOWS
1798,205,249,FOLLOWS
1799,119,366,FOLLOWS
1800,60,254,FOLLOWS
1801,224,11,FOLLOWS
1802,367,337,FOLLOWS
1803,89,103,FOLLOWS
1804,483,253,FOLLOWS
1805,108,286,FOLLOWS
1806,17,414,FOLLOWS
1807,310,343,FOLLOWS
1808,440,486,FOLLOWS
1809,86,323,FOLLOWS
1810,373,150,FOLLOWS
1811,243,175,FOLLOWS
1812,88,44,FOLLOWS
1813,323,341,FOLLOWS
1814,368,413,FOLLOWS
1815,36,44,FOLLOWS
1816,206,396,FOLLOWS
1817,370,381,FOLLOWS
1818,320,404,FOLLOWS
1819,398,102,FOLLOWS
1820,451,65,FOLLOWS
1821,277,146,FOLLOWS
1822,427,397,FOLLOWS
1823,64,230,FOLLOWS
1824,154,146,FOLLOWS
1825,76,365,FOLLOWS
1826,211,42,FOLLOWS
1827,218,455,FOLLOWS
1828,422,84,FOLLOWS
1829,62,190,FOLLOWS
1830,21,268,FOLLOWS
1831,406,74,FOLLOWS
1832,302,216,FOLLOWS
1833,251,2,FOLLOWS
1834,369,427,FOLLOWS
1835,456,227,FOLLOWS
1836,288,331,FOLLOWS
1837,97,385,FOLLOWS
1838,460,10,FOLLOWS
1839,206,302,FOLLOWS
1840,442,479,FOLLOWS
1841,224,93,FOLLOWS
1842,441,271,FOLLOWS
1843,132,47,FOLLOWS
1844,51,278,FOLLOWS
1845,74,94,FOLLOWS
1846,46,79,FOLLOWS
1847,209,348,FOLLOWS
1848,315,493,FOLLOWS
1849,14,366,FOLLOWS
1850,212,458,FOLLOWS
1851,62,27,FOLLOWS
1852,454,10,FOLLOWS
1853,403,65,FOLLOWS
1854,496,73,FOLLOWS
1855,285,232,FOLLOWS
1856,86,1,FOLLOWS
1857,289,36,FOLLOWS
1858,203,358,FOLLOWS
1859,176,326,FOLLOWS
1860,175,108,FOLLOWS
1861,307,169,FOLLOWS
1862,355,69,FOLLOWS
1863,212,285,FOLLOWS
1864,361,251,FOLLOWS
1865,333,334,FOLLOWS
1866,424,308,FOLLOWS
1867,357,5,FOLLOWS
1868,364,184,FOLLOWS
1869,414,368,FOLLOWS
1870,253,496,FOLLOWS
1871,362,311,FOLLOWS
1872,257,253,FOLLOWS
1873,90,34,FOLLOWS
1874,382,34,FOLLOWS
1875,478,292,FOLLOWS
1876,287,453,FOLLOWS
1877,483,333,FOLLOWS
1878,209,141,FOLLOWS
1879,265,389,FOLLOWS
1880,370,115,FOLLOWS
1881,162,3,FOLLOWS
1882,85,169,FOLLOWS
1883,321,479,FOLLOWS
1884,129,127,FOLLOWS
1885,297,64,FOLLOWS
1886,32,470,FOLLOWS
1887,34,401,FOLLOWS
1888,471,411,FOLLOWS
1889,196,206,FOLLOWS
1890,99,56,FOLLOWS
1891,305,366,FOLLOWS
1892,31,66,FOLLOWS
1893,387,184,FOLLOWS
1894,5,266,FOLLOWS
1895,348,75,FOLLOWS
1896,84,54,FOLLOWS
1897,405,467,FOLLOWS
1898,113,472,FOLLOWS
1899,115,355,FOLLOWS
1900,320,110,FOLLOWS
1901,4,186,FOLLOWS
1902,184,16,FOLLOWS
1903,73,149,FOLLOWS
1904,146,90,FOLLOWS
1905,135,369,FOLLOWS
1906,101,12,FOLLOWS
1907,135,467,FOLLOWS
1908,426,347,FOLLOWS
1909,34,61,FOLLOWS
1910,77,168,FOLLOWS
1911,323,408,FOLLOWS
1912,112,157,FOLLOWS
1913,131,282,FOLLOWS
1914,385,44,FOLLOWS
1915,266,181,FOLLOWS
1916,255,163,FOLLOWS
1917,136,331,FOLLOWS
1918,41,403,FOLLOWS
1919,117,51,FOLLOWS
1920,171,101,FOLLOWS
1921,161,434,FOLLOWS
1922,296,448,FOLLOWS
1923,483,378,FOLLOWS
1924,167,301,FOLLOWS
1925,201,196,FOLLOWS
1926,97,244,FOLLOWS
1927,459,156,FOLLOWS
1928,251,14,FOLLOWS
1929,146,106,FOLLOWS
1930,338,269,FOLLOWS
1931,88,168,FOLLOWS
1932,245,381,FOLLOWS
1933,490,463,FOLLOWS
1934,142,104,FOLLOWS
1935,90,213,FOLLOWS
1936,391,284,FOLLOWS
1937,210,231,FOLLOWS
1938,107,260,FOLLOWS
1939,205,439,FOLLOWS
1940,20,6,FOLLOWS
1941,364,470,FOLLOWS
1942,237,35,FOLLOWS
1943,143,431,FOLLOWS
1944,91,151,FOLLOWS
1945,380,201,FOLLOWS
1946,344,391,FOLLOWS
1947,140,79,FOLLOWS
1948,227,357,FOLLOWS
1949,340,367,FOLLOWS
1950,228,27,FOLLOWS
1951,466,123,FOLLOWS
1952,9,216,FOLLOWS
1953,349,343,FOLLOWS
1954,491,452,FOLLOWS
1955,371,86,FOLLOWS
1956,119,110,FOLLOWS
1957,166,89,FOLLOWS
1958,335,162,FOLLOWS
1959,320,189,FOLLOWS
1960,129,492,FOLLOWS
1961,167,324,FOLLOWS
1962,163,436,FOLLOWS
1963,35,172,FOLLOWS
1964,7,120,FOLLOWS
1965,389,460,FOLLOWS
1966,71,192,FOLLOWS
1967,104,78,FOLLOWS
1968,403,390,FOLLOWS
1969,148,385,FOLLOWS
1970,170,176,FOLLOWS
1971,357,369,FOLLOWS
1972,489,99,FOLLOWS
1973,121,260,FOLLOWS
1974,91,311,FOLLOWS
1975,407,247,FOLLOWS
1976,196,219,FOLLOWS
1977,373,90,FOLLOWS
1978,37,171,FOLLOWS
1979,251,158,FOLLOWS
1980,20,472,FOLLOWS
1981,478,290,FOLLOWS
1982,326,353,FOLLOWS
1983,30,334,FOLLOWS
1984,76,134,FOLLOWS
1985,484,349,FOLLOWS
1986,60,395,FOLLOWS
1987,56,326,FOLLOWS
1988,138,384,FOLLOWS
1989,1,50,FOLLOWS
1990,357,214,FOLLOWS
1991,88,91,FOLLOWS
1992,96,103,FOLLOWS
1993,41,151,FOLLOWS
1994,64,142,FOLLOWS
1995,405,22,FOLLOWS
1996,268,406,FOLLOWS
1997,220,173,FOLLOWS
1998,341,205,FOLLOWS
1999,30,500,FOLLOWS
2000,445,272,FOLLOWS
2001,212,339,FOLLOWS
2002,165,9,FOLLOWS
2003,377,167,FOLLOWS
2004,402,439,FOLLOWS
2005,125,109,FOLLOWS
2006,15,83,FOLLOWS
2007,344,64,FOLLOWS
2008,133,60,FOLLOWS
2009,294,189,FOLLOWS
2010,303,275,FOLLOWS
2011,199,217,FOLLOWS
2012,309,303,FOLLOWS
2013,308,146,FOLLOWS
2014,341,435,FOLLOWS
2015,361,495,FOLLOWS
2016,415,171,FOLLOWS
2017,479,415,FOLLOWS
2018,377,27,FOLLOWS
2019,179,388,FOLLOWS
2020,145,357,FOLLOWS
2021,50,68,FOLLOWS
2022,101,377,FOLLOWS
2023,219,348,FOLLOWS
2024,475,29,FOLLOWS
2025,499,243,FOLLOWS
2026,207,126,FOLLOWS
2027,60,43,FOLLOWS
2028,116,12,FOLLOWS
2029,93,197,FOLLOWS
2030,293,65,FOLLOWS
2031,408,276,FOLLOWS
2032,417,359,FOLLOWS
2033,410,161,FOLLOWS
2034,66,295,FOLLOWS
2035,436,386,FOLLOWS
2036,495,279,FOLLOWS
2037,484,337,FOLLOWS
2038,108,353,FOLLOWS
2039,97,73,FOLLOWS
2040,184,143,FOLLOWS
2041,319,217,FOLLOWS
2042,131,134,FOLLOWS
2043,43,484,FOLLOWS
2044,275,105,FOLLOWS
2045,357,331,FOLLOWS
2046,421,262,FOLLOWS
2047,215,421,FOLLOWS
2048,404,223,FOLLOWS
2049,169,328,FOLLOWS
2050,141,6,FOLLOWS
2051,359,293,FOLLOWS
2052,460,25,FOLLOWS
2053,485,385,FOLLOWS
2054,245,304,FOLLOWS
2055,80,337,FOLLOWS
2056,128,348,FOLLOWS
2057,362,235,FOLLOWS
2058,473,417,FOLLOWS
2059,40,374,FOLLOWS
2060,358,64,FOLLOWS
2061,90,39,FOLLOWS
2062,27,217,FOLLOWS
2063,2,378,FOLLOWS
2064,435,250,FOLLOWS
2065,4,316,FOLLOWS
2066,153,182,FOLLOWS
2067,206,182,FOLLOWS
2068,221,252,FOLLOWS
2069,364,102,FOLLOWS
2070,146,21,FOLLOWS
2071,137,61,FOLLOWS
2072,366,66,FOLLOWS
2073,392,400,FOLLOWS
2074,432,423,FOLLOWS
2075,57,491,FOLLOWS
2076,11,65,FOLLOWS
2077,378,5,FOLLOWS
2078,149,145,FOLLOWS
2079,128,144,FOLLOWS
2080,258,313,FOLLOWS
2081,77,118,FOLLOWS
2082,10,316,FOLLOWS
2083,330,27,FOLLOWS
2084,180,365,FOLLOWS
2085,164,459,FOLLOWS
2086,21,1,FOLLOWS
2087,156,58,FOLLOWS
2088,7,350,FOLLOWS
2089,442,67,FOLLOWS
2090,455,55,FOLLOWS
2091,381,309,FOLLOWS
2092,39,483,FOLLOWS
2093,79,23,FOLLOWS
2094,405,12,FOLLOWS
2095,263,498,FOLLOWS
2096,304,357,FOLLOWS
2097,152,363,FOLLOWS
2098,61,88,FOLLOWS
2099,274,122,FOLLOWS
2100,448,405,FOLLOWS
2101,128,422,FOLLOWS
2102,167,43,FOLLOWS
2103,321,418,FOLLOWS
2104,144,91,FOLLOWS
2105,207,52,FOLLOWS
2106,7,309,FOLLOWS
2107,197,11,FOLLOWS
2108,395,43,FOLLOWS
2109,406,495,FOLLOWS
2110,437,363,FOLLOWS
2111,158,170,FOLLOWS
2112,125,29,FOLLOWS
2113,11,423,FOLLOWS
2114,279,152,FOLLOWS
2115,1,468,FOLLOWS
2116,181,336,FOLLOWS
2117,57,115,FOLLOWS
2118,316,171,FOLLOWS
2119,155,320,FOLLOWS
2120,179,449,FOLLOWS
2121,365,409,FOLLOWS
2122,164,76,FOLLOWS
2123,245,418,FOLLOWS
2124,143,75,FOLLOWS
2125,66,94,FOLLOWS
2126,118,197,FOLLOWS
2127,113,360,FOLLOWS
2128,243,491,FOLLOWS
2129,399,420,FOLLOWS
2130,74,194,FOLLOWS
2131,28,360,FOLLOWS
2132,76,188,FOLLOWS
2133,126,40,FOLLOWS
2134,331,356,FOLLOWS
2135,57,80,FOLLOWS
2136,329,17,FOLLOWS
2137,89,258,FOLLOWS
2138,293,257,FOLLOWS
2139,140,499,FOLLOWS
2140,194,487,FOLLOWS
2141,113,201,FOLLOWS
2142,56,54,FOLLOWS
2143,15,123,FOLLOWS
2144,278,55,FOLLOWS
2145,327,476,FOLLOWS
2146,405,248,FOLLOWS
2147,183,499,FOLLOWS
2148,346,50,FOLLOWS
2149,20,149,FOLLOWS
2150,350,238,FOLLOWS
2151,119,453,FOLLOWS
2152,349,335,FOLLOWS
2153,394,175,FOLLOWS
2154,68,174,FOLLOWS
2155,50,413,FOLLOWS
2156,393,446,FOLLOWS
2157,233,161,FOLLOWS
2158,181,46,FOLLOWS
2159,147,206,FOLLOWS
2160,318,470,FOLLOWS
2161,320,488,FOLLOWS
2162,43,350,FOLLOWS
2163,149,193,FOLLOWS
2164,205,438,FOLLOWS
2165,239,56,FOLLOWS
2166,20,280,FOLLOWS
2167,164,291,FOLLOWS
2168,109,445,FOLLOWS
2169,130,326,FOLLOWS
2170,95,426,FOLLOWS
2171,297,316,FOLLOWS
2172,163,8,FOLLOWS
2173,443,163,FOLLOWS
2174,267,370,FOLLOWS
2175,497,297,FOLLOWS
2176,59,475,FOLLOWS
2177,220,192,FOLLOWS
2178,474,464,FOLLOWS
2179,46,333,FOLLOWS
2180,478,211,FOLLOWS
2181,279,52,FOLLOWS
2182,258,298,FOLLOWS
2183,283,196,FOLLOWS
2184,17,8,FOLLOWS
2185,163,172,FOLLOWS
2186,499,201,FOLLOWS
2187,119,51,FOLLOWS
2188,65,259,FOLLOWS
2189,429,284,FOLLOWS
2190,166,105,FOLLOWS
2191,14,224,FOLLOWS
2192,395,304,FOLLOWS
2193,184,96,FOLLOWS
2194,395,134,FOLLOWS
2195,63,55,FOLLOWS
2196,135,459,FOLLOWS
2197,468,430,FOLLOWS
2198,321,40,FOLLOWS
2199,325,466,FOLLOWS
2200,83,93,FOLLOWS
2201,308,280,FOLLOWS
2202,461,112,FOLLOWS
2203,71,113,FOLLOWS
2204,355,482,FOLLOWS
2205,141,247,FOLLOWS
2206,129,89,FOLLOWS
2207,407,393,FOLLOWS
2208,85,407,FOLLOWS
2209,56,311,FOLLOWS
2210,491,262,FOLLOWS
2211,368,169,FOLLOWS
2212,291,408,FOLLOWS
2213,120,288,FOLLOWS
2214,146,309,FOLLOWS
2215,294,458,FOLLOWS
2216,330,402,FOLLOWS
2217,271,21,FOLLOWS
2218,9,36,FOLLOWS
2219,178,205,FOLLOWS
2220,397,161,FOLLOWS
2221,25,202,FOLLOWS
2222,496,467,FOLLOWS
2223,15,115,FOLLOWS
2224,6,72,FOLLOWS
2225,224,116,FOLLOWS
2226,23,57,FOLLOWS
2227,156,39,FOLLOWS
2228,195,139,FOLLOWS
2229,62,65,FOLLOWS
2230,268,271,FOLLOWS
2231,248,116,FOLLOWS
2232,393,152,FOLLOWS
2233,55,469,FOLLOWS
2234,296,332,FOLLOWS
2235,237,449,FOLLOWS
2236,57,124,FOLLOWS
2237,236,96,FOLLOWS
2238,181,136,FOLLOWS
2239,282,44,FOLLOWS
2240,109,78,FOLLOWS
2241,476,217,FOLLOWS
2242,97,207,FOLLOWS
2243,57,113,FOLLOWS
2244,254,106,FOLLOWS
2245,2,49,FOLLOWS
2246,353,123,FOLLOWS
2247,349,36,FOLLOWS
2248,493,7,FOLLOWS
2249,220,172,FOLLOWS
2250,88,348,FOLLOWS
2251,5,305,FOLLOWS
2252,243,299,FOLLOWS
2253,24,420,FOLLOWS
2254,269,258,FOLLOWS
2255,76,397,FOLLOWS
2256,328,11,FOLLOWS
2257,211,439,FOLLOWS
2258,499,221,FOLLOWS
2259,382,46,FOLLOWS
2260,142,159,FOLLOWS
2261,178,148,FOLLOWS
2262,76,239,FOLLOWS
2263,286,341,FOLLOWS
2264,250,148,FOLLOWS
2265,151,8,FOLLOWS
2266,251,157,FOLLOWS
2267,26,129,FOLLOWS
2268,472,155,FOLLOWS
2269,72,350,FOLLOWS
2270,468,287,FOLLOWS
2271,403,125,FOLLOWS
2272,28,387,FOLLOWS
2273,44,29,FOLLOWS
2274,105,265,FOLLOWS
2275,437,80,FOLLOWS
2276,353,103,FOLLOWS
2277,1,79,FOLLOWS
2278,62,267,FOLLOWS
2279,105,54,FOLLOWS
2280,29,475,FOLLOWS
2281,326,12,FOLLOWS
2282,218,76,FOLLOWS
2283,235,62,FOLLOWS
2284,6,298,FOLLOWS
2285,318,228,FOLLOWS
2286,258,108,FOLLOWS
2287,33,90,FOLLOWS
2288,369,289,FOLLOWS
2289,270,133,FOLLOWS
2290,207,35,FOLLOWS
2291,473,90,FOLLOWS
2292,348,147,FOLLOWS
2293,45,299,FOLLOWS
2294,492,343,FOLLOWS
2295,18,415,FOLLOWS
2296,175,95,FOLLOWS
2297,257,181,FOLLOWS
2298,292,41,FOLLOWS
2299,265,153,FOLLOWS
2300,256,119,FOLLOWS
2301,277,170,FOLLOWS
2302,421,482,FOLLOWS
2303,81,496,FOLLOWS
2304,135,335,FOLLOWS
2305,121,253,FOLLOWS
2306,314,476,FOLLOWS
2307,139,371,FOLLOWS
2308,19,255,FOLLOWS
2309,498,117,FOLLOWS
2310,27,199,FOLLOWS
2311,357,65,FOLLOWS
2312,219,282,FOLLOWS
2313,122,119,FOLLOWS
2314,6,117,FOLLOWS
2315,275,291,FOLLOWS
2316,128,417,FOLLOWS
2317,145,23,FOLLOWS
2318,246,337,FOLLOWS
2319,270,458,FOLLOWS
2320,144,41,FOLLOWS
2321,108,63,FOLLOWS
2322,418,404,FOLLOWS
2323,11,256,FOLLOWS
2324,139,143,FOLLOWS
2325,31,143,FOLLOWS
2326,197,254,FOLLOWS
2327,339,157,FOLLOWS
2328,111,388,FOLLOWS
2329,293,203,FOLLOWS
2330,141,186,FOLLOWS
2331,396,312,FOLLOWS
2332,228,237,FOLLOWS
2333,5,239,FOLLOWS
2334,297,481,FOLLOWS
2335,284,368,FOLLOWS
2336,500,132,FOLLOWS
2337,277,368,FOLLOWS
2338,121,180,FOLLOWS
2339,260,228,FOLLOWS
2340,37,329,FOLLOWS
2341,145,74,FOLLOWS
2342,151,319,FOLLOWS
2343,189,23,FOLLOWS
2344,55,312,FOLLOWS
2345,482,111,FOLLOWS
2346,276,376,FOLLOWS
2347,267,226,FOLLOWS
2348,119,234,FOLLOWS
2349,41,181,FOLLOWS
2350,40,469,FOLLOWS
2351,403,215,FOLLOWS
2352,161,61,FOLLOWS
2353,295,254,FOLLOWS
2354,449,233,FOLLOWS
2355,62,215,FOLLOWS
2356,381,52,FOLLOWS
2357,182,66,FOLLOWS
2358,61,173,FOLLOWS
2359,245,359,FOLLOWS
2360,195,165,FOLLOWS
2361,484,396,FOLLOWS
2362,164,388,FOLLOWS
2363,51,178,FOLLOWS
2364,311,386,FOLLOWS
2365,50,106,FOLLOWS
2366,261,387,FOLLOWS
2367,307,463,FOLLOWS
2368,100,4,FOLLOWS
2369,471,433,FOLLOWS
2370,456,222,FOLLOWS
2371,45,443,FOLLOWS
2372,39,168,FOLLOWS
2373,172,142,FOLLOWS
2374,457,474,FOLLOWS
2375,267,163,FOLLOWS
2376,113,345,FOLLOWS
2377,223,35,FOLLOWS
2378,121,327,FOLLOWS
2379,229,167,FOLLOWS
2380,178,357,FOLLOWS
2381,166,134,FOLLOWS
2382,218,205,FOLLOWS
2383,313,169,FOLLOWS
2384,33,336,FOLLOWS
2385,441,368,FOLLOWS
2386,170,212,FOLLOWS
2387,19,433,FOLLOWS
2388,482,270,FOLLOWS
2389,81,145,FOLLOWS
2390,127,18,FOLLOWS
2391,336,206,FOLLOWS
2392,380,449,FOLLOWS
2393,44,40,FOLLOWS
2394,213,11,FOLLOWS
2395,406,201,FOLLOWS
2396,104,52,FOLLOWS
2397,126,196,FOLLOWS
2398,500,43,FOLLOWS
2399,251,304,FOLLOWS
2400,291,390,FOLLOWS
2401,393,253,FOLLOWS
2402,3,138,FOLLOWS
2403,387,288,FOLLOWS
2404,42,472,FOLLOWS
2405,388,7,FOLLOWS
2406,384,63,FOLLOWS
2407,281,215,FOLLOWS
2408,152,61,FOLLOWS
2409,266,310,FOLLOWS
2410,475,383,FOLLOWS
2411,437,476,FOLLOWS
2412,269,367,FOLLOWS
2413,77,241,FOLLOWS
2414,235,170,FOLLOWS
2415,320,240,FOLLOWS
2416,35,180,FOLLOWS
2417,453,116,FOLLOWS
2418,8,476,FOLLOWS
2419,304,79,FOLLOWS
2420,111,144,FOLLOWS
2421,108,87,FOLLOWS
2422,119,111,FOLLOWS
2423,27,71,FOLLOWS
2424,194,397,FOLLOWS
2425,243,182,FOLLOWS
2426,223,334,FOLLOWS
2427,13,444,FOLLOWS
2428,6,101,FOLLOWS
2429,270,100,FOLLOWS
2430,159,169,FOLLOWS
2431,246,204,FOLLOWS
2432,357,361,FOLLOWS
2433,20,190,FOLLOWS
2434,434,62,FOLLOWS
2435,327,364,FOLLOWS
2436,50,440,FOLLOWS
2437,437,100,FOLLOWS
2438,378,9,FOLLOWS
2439,460,364,FOLLOWS
2440,343,32,FOLLOWS
2441,374,137,FOLLOWS
2442,228,23,FOLLOWS
2443,102,353,FOLLOWS
2444,429,482,FOLLOWS
2445,357,45,FOLLOWS
2446,404,6,FOLLOWS
2447,192,236,FOLLOWS
2448,371,483,FOLLOWS
2449,387,378,FOLLOWS
2450,92,143,FOLLOWS
2451,91,152,FOLLOWS
2452,226,136,FOLLOWS
2453,300,198,FOLLOWS
2454,166,360,FOLLOWS
2455,96,468,FOLLOWS
2456,356,223,FOLLOWS
2457,243,428,FOLLOWS
2458,219,397,FOLLOWS
2459,84,263,FOLLOWS
2460,404,492,FOLLOWS
2461,47,159,FOLLOWS
2462,73,411,FOLLOWS
2463,398,192,FOLLOWS
2464,82,177,FOLLOWS
2465,109,468,FOLLOWS
2466,199,66,FOLLOWS
2467,346,374,FOLLOWS
2468,178,251,FOLLOWS
2469,497,301,FOLLOWS
2470,454,312,FOLLOWS
2471,121,189,FOLLOWS
2472,257,422,FOLLOWS
2473,40,331,FOLLOWS
2474,256,97,FOLLOWS
2475,155,223,FOLLOWS
2476,78,146,FOLLOWS
2477,346,421,FOLLOWS
2478,92,84,FOLLOWS
2479,265,428,FOLLOWS
2480,83,164,FOLLOWS
2481,28,156,FOLLOWS
2482,380,325,FOLLOWS
2483,365,172,FOLLOWS
2484,498,187,FOLLOWS
2485,479,363,FOLLOWS
2486,173,346,FOLLOWS
2487,183,375,FOLLOWS
2488,44,274,FOLLOWS
2489,40,168,FOLLOWS
2490,222,495,FOLLOWS
2491,99,293,FOLLOWS
2492,438,407,FOLLOWS
2493,410,26,FOLLOWS
2494,399,96,FOLLOWS
2495,344,24,FOLLOWS
2496,163,50,FOLLOWS
2497,7,176,FOLLOWS
2498,345,200,FOLLOWS
2499,288,177,FOLLOWS
2500,346,240,FOLLOWS
2501,320,300,FOLLOWS
2502,121,193,FOLLOWS
2503,436,64,FOLLOWS
2504,293,149,FOLLOWS
2505,377,206,FOLLOWS
2506,181,385,FOLLOWS
2507,395,186,FOLLOWS
2508,474,231,FOLLOWS
2509,350,465,FOLLOWS
2510,210,485,FOLLOWS
2511,313,128,FOLLOWS
2512,488,190,FOLLOWS
2513,68,151,FOLLOWS
2514,57,412,FOLLOWS
2515,82,126,FOLLOWS
2516,493,36,FOLLOWS
2517,442,198,FOLLOWS
2518,274,366,FOLLOWS
2519,220,404,FOLLOWS
2520,212,337,FOLLOWS
2521,108,136,FOLLOWS
2522,150,158,FOLLOWS
2523,150,440,FOLLOWS
2524,327,117,FOLLOWS
2525,109,299,FOLLOWS
2526,300,7,FOLLOWS
2527,257,161,FOLLOWS
2528,247,90,FOLLOWS
2529,195,8,FOLLOWS
2530,34,176,FOLLOWS
2531,106,115,FOLLOWS
2532,312,399,FOLLOWS
2533,327,465,FOLLOWS
2534,434,380,FOLLOWS
2535,440,126,FOLLOWS
2536,47,381,FOLLOWS
2537,426,470,FOLLOWS
2538,32,107,FOLLOWS
2539,325,38,FOLLOWS
2540,60,227,FOLLOWS
2541,315,387,FOLLOWS
2542,128,175,FOLLOWS
2543,288,258,FOLLOWS
2544,485,94,FOLLOWS
2545,241,254,FOLLOWS
2546,276,422,FOLLOWS
2547,110,158,FOLLOWS
2548,164,393,FOLLOWS
2549,80,166,FOLLOWS
2550,479,439,FOLLOWS
2551,190,75,FOLLOWS
2552,162,231,FOLLOWS
2553,427,192,FOLLOWS
2554,39,125,FOLLOWS
2555,362,250,FOLLOWS
2556,69,451,FOLLOWS
2557,167,397,FOLLOWS
2558,383,453,FOLLOWS
2559,186,171,FOLLOWS
2560,38,94,FOLLOWS
2561,222,456,FOLLOWS
2562,295,151,FOLLOWS
2563,425,200,FOLLOWS
2564,445,296,FOLLOWS
2565,93,52,FOLLOWS
2566,162,476,FOLLOWS
2567,107,104,FOLLOWS
2568,486,193,FOLLOWS
2569,107,195,FOLLOWS
2570,225,205,FOLLOWS
2571,395,195,FOLLOWS
2572,163,213,FOLLOWS
2573,484,234,FOLLOWS
2574,185,485,FOLLOWS
2575,334,154,FOLLOWS
2576,360,44,FOLLOWS
2577,91,290,FOLLOWS
2578,241,391,FOLLOWS
2579,306,411,FOLLOWS
2580,215,89,FOLLOWS
2581,343,93,FOLLOWS
2582,15,402,FOLLOWS
2583,377,447,FOLLOWS
2584,209,24,FOLLOWS
2585,87,81,FOLLOWS
2586,215,34,FOLLOWS
2587,66,166,FOLLOWS
2588,101,65,FOLLOWS
2589,116,338,FOLLOWS
2590,455,315,FOLLOWS
2591,116,129,FOLLOWS
2592,338,155,FOLLOWS
2593,267,265,FOLLOWS
2594,68,168,FOLLOWS
2595,479,436,FOLLOWS
2596,25,407,FOLLOWS
2597,18,428,FOLLOWS
2598,83,204,FOLLOWS
2599,177,97,FOLLOWS
2600,264,474,FOLLOWS
2601,266,135,FOLLOWS
2602,188,219,FOLLOWS
2603,494,279,FOLLOWS
2604,498,259,FOLLOWS
2605,272,86,FOLLOWS
2606,52,349,FOLLOWS
2607,325,440,FOLLOWS
2608,486,206,FOLLOWS
2609,1,39,FOLLOWS
2610,473,376,FOLLOWS
2611,492,35,FOLLOWS
2612,211,72,FOLLOWS
2613,331,215,FOLLOWS
2614,100,128,FOLLOWS
2615,484,345,FOLLOWS
2616,390,168,FOLLOWS
2617,61,267,FOLLOWS
2618,153,421,FOLLOWS
2619,467,369,FOLLOWS
2620,355,444,FOLLOWS
2621,389,150,FOLLOWS
2622,341,254,FOLLOWS
2623,43,7,FOLLOWS
2624,341,137,FOLLOWS
2625,295,49,FOLLOWS
2626,392,123,FOLLOWS
2627,382,21,FOLLOWS
2628,343,465,FOLLOWS
2629,291,93,FOLLOWS
2630,25,167,FOLLOWS
2631,83,108,FOLLOWS
2632,256,439,FOLLOWS
2633,9,58,FOLLOWS
2634,287,276,FOLLOWS
2635,317,357,FOLLOWS
2636,437,135,FOLLOWS
2637,342,141,FOLLOWS
2638,226,332,FOLLOWS
2639,75,7,FOLLOWS
2640,199,383,FOLLOWS
2641,275,161,FOLLOWS
2642,33,350,FOLLOWS
2643,489,369,FOLLOWS
2644,69,203,FOLLOWS
2645,28,365,FOLLOWS
2646,37,315,FOLLOWS
2647,212,374,FOLLOWS
2648,92,428,FOLLOWS
2649,62,170,FOLLOWS
2650,209,196,FOLLOWS
2651,50,160,FOLLOWS
2652,256,47,FOLLOWS
2653,32,286,FOLLOWS
2654,192,49,FOLLOWS
2655,494,271,FOLLOWS
2656,192,440,FOLLOWS
2657,89,97,FOLLOWS
2658,350,468,FOLLOWS
2659,86,461,FOLLOWS
2660,99,309,FOLLOWS
2661,34,174,FOLLOWS
2662,22,184,FOLLOWS
2663,430,303,FOLLOWS
2664,295,360,FOLLOWS
2665,230,391,FOLLOWS
2666,484,321,FOLLOWS
2667,223,194,FOLLOWS
2668,13,252,FOLLOWS
2669,329,161,FOLLOWS
2670,274,15,FOLLOWS
2671,156,198,FOLLOWS
2672,494,276,FOLLOWS
2673,38,366,FOLLOWS
2674,474,149,FOLLOWS
2675,200,424,FOLLOWS
2676,319,343,FOLLOWS
2677,210,354,FOLLOWS
2678,399,250,FOLLOWS
2679,37,327,FOLLOWS
2680,356,204,FOLLOWS
2681,427,199,FOLLOWS
2682,124,224,FOLLOWS
2683,306,394,FOLLOWS
2684,163,23,FOLLOWS
2685,180,237,FOLLOWS
2686,79,485,FOLLOWS
2687,33,116,FOLLOWS
2688,100,172,FOLLOWS
2689,30,58,FOLLOWS
2690,210,266,FOLLOWS
2691,120,4,FOLLOWS
2692,471,461,FOLLOWS
2693,132,452,FOLLOWS
2694,154,74,FOLLOWS
2695,238,187,FOLLOWS
2696,202,73,FOLLOWS
2697,446,320,FOLLOWS
2698,483,227,FOLLOWS
2699,106,198,FOLLOWS
2700,411,102,FOLLOWS
2701,163,240,FOLLOWS
2702,322,449,FOLLOWS
2703,50,403,FOLLOWS
2704,183,104,FOLLOWS
2705,34,186,FOLLOWS
2706,411,288,FOLLOWS
2707,61,273,FOLLOWS
2708,128,500,FOLLOWS
2709,50,387,FOLLOWS
2710,36,91,FOLLOWS
2711,410,254,FOLLOWS
2712,87,187,FOLLOWS
2713,222,173,FOLLOWS
2714,475,320,FOLLOWS
2715,199,19,FOLLOWS
2716,139,357,FOLLOWS
2717,402,218,FOLLOWS
2718,251,145,FOLLOWS
2719,413,391,FOLLOWS
2720,39,91,FOLLOWS
2721,5,371,FOLLOWS
2722,317,37,FOLLOWS
2723,403,341,FOLLOWS
2724,42,96,FOLLOWS
2725,488,47,FOLLOWS
2726,406,352,FOLLOWS
2727,26,368,FOLLOWS
2728,295,499,FOLLOWS
2729,64,360,FOLLOWS
2730,423,177,FOLLOWS
2731,496,350,FOLLOWS
2732,387,83,FOLLOWS
2733,419,221,FOLLOWS
2734,280,382,FOLLOWS
2735,301,88,FOLLOWS
2736,13,448,FOLLOWS
2737,8,223,FOLLOWS
2738,339,464,FOLLOWS
2739,49,9,FOLLOWS
2740,282,143,FOLLOWS
2741,35,488,FOLLOWS
2742,7,490,FOLLOWS
2743,82,174,FOLLOWS
2744,63,307,FOLLOWS
2745,498,467,FOLLOWS
2746,304,313,FOLLOWS
2747,241,456,FOLLOWS
2748,262,451,FOLLOWS
2749,385,76,FOLLOWS
2750,42,271,FOLLOWS
2751,406,395,FOLLOWS
2752,75,402,FOLLOWS
2753,491,473,FOLLOWS
2754,377,454,FOLLOWS
2755,410,259,FOLLOWS
2756,420,437,FOLLOWS
2757,134,105,FOLLOWS
2758,391,216,FOLLOWS
2759,389,161,FOLLOWS
2760,490,9,FOLLOWS
2761,189,73,FOLLOWS
2762,369,193,FOLLOWS
2763,203,92,FOLLOWS
2764,429,390,FOLLOWS
2765,68,255,FOLLOWS
2766,35,72,FOLLOWS
2767,203,356,FOLLOWS
2768,230,82,FOLLOWS
2769,286,13,FOLLOWS
2770,113,389,FOLLOWS
2771,257,164,FOLLOWS
2772,4,179,FOLLOWS
2773,461,425,FOLLOWS
2774,82,428,FOLLOWS
2775,312,132,FOLLOWS
2776,62,334,FOLLOWS
2777,40,316,FOLLOWS
2778,1,437,FOLLOWS
2779,26,439,FOLLOWS
2780,141,477,FOLLOWS
2781,189,111,FOLLOWS
2782,191,39,FOLLOWS
2783,469,105,FOLLOWS
2784,478,244,FOLLOWS
2785,12,360,FOLLOWS
2786,33,375,FOLLOWS
2787,194,16,FOLLOWS
2788,90,499,FOLLOWS
2789,104,411,FOLLOWS
2790,97,121,FOLLOWS
2791,439,223,FOLLOWS
2792,147,187,FOLLOWS
2793,279,84,FOLLOWS
2794,406,106,FOLLOWS
2795,113,296,FOLLOWS
2796,259,410,FOLLOWS
2797,74,469,FOLLOWS
2798,278,327,FOLLOWS
2799,418,98,FOLLOWS
2800,16,152,FOLLOWS
2801,358,306,FOLLOWS
2802,276,395,FOLLOWS
2803,45,244,FOLLOWS
2804,48,43,FOLLOWS
2805,49,233,FOLLOWS
2806,36,258,FOLLOWS
2807,141,357,FOLLOWS
2808,438,84,FOLLOWS
2809,155,94,FOLLOWS
2810,60,52,FOLLOWS
2811,310,289,FOLLOWS
2812,279,55,FOLLOWS
2813,341,184,FOLLOWS
2814,260,471,FOLLOWS
2815,13,83,FOLLOWS
2816,96,341,FOLLOWS
2817,338,280,FOLLOWS
2818,405,337,FOLLOWS
2819,76,154,FOLLOWS
2820,360,201,FOLLOWS
2821,300,272,FOLLOWS
2822,451,416,FOLLOWS
2823,411,110,FOLLOWS
2824,51,89,FOLLOWS
2825,412,37,FOLLOWS
2826,66,440,FOLLOWS
2827,441,390,FOLLOWS
2828,430,321,FOLLOWS
2829,15,99,FOLLOWS
2830,477,192,FOLLOWS
2831,384,465,FOLLOWS
2832,387,326,FOLLOWS
2833,307,267,FOLLOWS
2834,16,214,FOLLOWS
2835,190,143,FOLLOWS
2836,176,273,FOLLOWS
2837,165,105,FOLLOWS
2838,298,267,FOLLOWS
2839,426,173,FOLLOWS
2840,276,175,FOLLOWS
2841,202,2,FOLLOWS
2842,416,479,FOLLOWS
2843,62,72,FOLLOWS
2844,138,66,FOLLOWS
2845,6,58,FOLLOWS
2846,320,369,FOLLOWS
2847,431,122,FOLLOWS
2848,423,197,FOLLOWS
2849,64,49,FOLLOWS
2850,209,114,FOLLOWS
2851,176,165,FOLLOWS
2852,227,311,FOLLOWS
2853,74,361,FOLLOWS
2854,87,404,FOLLOWS
2855,352,479,FOLLOWS
2856,331,358,FOLLOWS
2857,366,410,FOLLOWS
2858,293,177,FOLLOWS
2859,224,131,FOLLOWS
2860,101,434,FOLLOWS
2861,196,187,FOLLOWS
2862,77,151,FOLLOWS
2863,96,118,FOLLOWS
2864,86,267,FOLLOWS
2865,294,336,FOLLOWS
2866,241,483,FOLLOWS
2867,86,121,FOLLOWS
2868,284,390,FOLLOWS
2869,167,438,FOLLOWS
2870,271,410,FOLLOWS
2871,239,493,FOLLOWS
2872,19,106,FOLLOWS
2873,189,432,FOLLOWS
2874,193,154,FOLLOWS
2875,162,250,FOLLOWS
2876,327,385,FOLLOWS
2877,155,203,FOLLOWS
2878,239,365,FOLLOWS
2879,213,492,FOLLOWS
2880,28,180,FOLLOWS
2881,222,40,FOLLOWS
2882,181,170,FOLLOWS
2883,288,139,FOLLOWS
2884,191,13,FOLLOWS
2885,389,250,FOLLOWS
2886,23,156,FOLLOWS
2887,453,78,FOLLOWS
2888,34,113,FOLLOWS
2889,59,41,FOLLOWS
2890,416,461,FOLLOWS
2891,133,296,FOLLOWS
2892,399,460,FOLLOWS
2893,291,170,FOLLOWS
2894,475,456,FOLLOWS
2895,85,173,FOLLOWS
2896,168,304,FOLLOWS
2897,43,52,FOLLOWS
2898,408,378,FOLLOWS
2899,277,220,FOLLOWS
2900,27,2,FOLLOWS
2901,17,69,FOLLOWS
2902,471,424,FOLLOWS
2903,421,473,FOLLOWS
2904,255,311,FOLLOWS
2905,488,261,FOLLOWS
2906,168,108,FOLLOWS
2907,77,361,FOLLOWS
2908,61,76,FOLLOWS
2909,18,187,FOLLOWS
2910,99,177,FOLLOWS
2911,130,200,FOLLOWS
2912,495,363,FOLLOWS
2913,489,129,FOLLOWS
2914,191,173,FOLLOWS
2915,375,410,FOLLOWS
2916,494,369,FOLLOWS
2917,495,406,FOLLOWS
2918,3,272,FOLLOWS
2919,123,204,FOLLOWS
2920,412,141,FOLLOWS
2921,9,257,FOLLOWS
2922,200,288,FOLLOWS
2923,169,332,FOLLOWS
2924,246,11,FOLLOWS
2925,186,50,FOLLOWS
2926,40,80,FOLLOWS
2927,437,480,FOLLOWS
2928,495,92,FOLLOWS
2929,232,173,FOLLOWS
2930,239,262,FOLLOWS
2931,43,183,FOLLOWS
2932,181,91,FOLLOWS
2933,372,10,FOLLOWS
2934,84,75,FOLLOWS
2935,109,86,FOLLOWS
2936,327,248,FOLLOWS
2937,383,358,FOLLOWS
2938,165,329,FOLLOWS
2939,461,22,FOLLOWS
2940,293,182,FOLLOWS
2941,238,44,FOLLOWS
2942,50,305,FOLLOWS
2943,393,60,FOLLOWS
2944,218,151,FOLLOWS
2945,357,133,FOLLOWS
2946,79,144,FOLLOWS
2947,187,39,FOLLOWS
2948,186,59,FOLLOWS
2949,455,64,FOLLOWS
2950,410,41,FOLLOWS
2951,282,387,FOLLOWS
2952,354,280,FOLLOWS
2953,138,380,FOLLOWS
2954,302,3,FOLLOWS
2955,42,172,FOLLOWS
2956,363,65,FOLLOWS
2957,398,432,FOLLOWS
2958,281,122,FOLLOWS
2959,148,138,FOLLOWS
2960,439,456,FOLLOWS
2961,208,303,FOLLOWS
2962,130,354,FOLLOWS
2963,95,417,FOLLOWS
2964,68,365,FOLLOWS
2965,128,382,FOLLOWS
2966,37,351,FOLLOWS
2967,58,295,FOLLOWS
2968,108,368,FOLLOWS
2969,486,141,FOLLOWS
2970,130,2,FOLLOWS
2971,269,149,FOLLOWS
2972,57,452,FOLLOWS
2973,146,144,FOLLOWS
2974,394,8,FOLLOWS
2975,391,272,FOLLOWS
2976,246,113,FOLLOWS
2977,75,57,FOLLOWS
2978,207,11,FOLLOWS
2979,491,454,FOLLOWS
2980,271,2,FOLLOWS
2981,175,1,FOLLOWS
2982,96,56,FOLLOWS
2983,357,412,FOLLOWS
2984,242,320,FOLLOWS
2985,126,167,FOLLOWS
2986,124,273,FOLLOWS
2987,9,354,FOLLOWS
2988,290,459,FOLLOWS
2989,211,444,FOLLOWS
2990,379,38,FOLLOWS
2991,70,114,FOLLOWS
2992,112,190,FOLLOWS
2993,458,108,FOLLOWS
2994,481,390,FOLLOWS
2995,285,357,FOLLOWS
2996,293,11,FOLLOWS
2997,120,378,FOLLOWS
2998,102,68,FOLLOWS
2999,317,69,FOLLOWS
3000,427,462,FOLLOWS
3001,194,4,FOLLOWS
3002,18,273,FOLLOWS
3003,432,458,FOLLOWS
3004,44,392,FOLLOWS
3005,396,428,FOLLOWS
3006,448,298,FOLLOWS
3007,487,439,FOLLOWS
3008,70,28,FOLLOWS
3009,283,43,FOLLOWS
3010,171,282,FOLLOWS
3011,92,23,FOLLOWS
3012,412,405,FOLLOWS
3013,320,227,FOLLOWS
3014,434,173,FOLLOWS
3015,247,488,FOLLOWS
3016,332,191,FOLLOWS
3017,14,369,FOLLOWS
3018,181,161,FOLLOWS
3019,134,82,FOLLOWS
3020,40,78,FOLLOWS
3021,240,14,FOLLOWS
3022,326,175,FOLLOWS
3023,63,121,FOLLOWS
3024,107,124,FOLLOWS
3025,474,270,FOLLOWS
3026,271,379,FOLLOWS
3027,321,376,FOLLOWS
3028,439,330,FOLLOWS
3029,271,332,FOLLOWS
3030,138,125,FOLLOWS
3031,88,268,FOLLOWS
3032,209,153,FOLLOWS
3033,125,451,FOLLOWS
3034,110,54,FOLLOWS
3035,399,129,FOLLOWS
3036,444,448,FOLLOWS
3037,207,404,FOLLOWS
3038,350,96,FOLLOWS
3039,12,343,FOLLOWS
3040,194,158,FOLLOWS
3041,257,266,FOLLOWS
3042,142,170,FOLLOWS
3043,175,20,FOLLOWS
3044,150,123,FOLLOWS
3045,453,363,FOLLOWS
3046,373,114,FOLLOWS
3047,413,53,FOLLOWS
3048,64,279,FOLLOWS
3049,500,102,FOLLOWS
3050,47,324,FOLLOWS
3051,253,111,FOLLOWS
3052,18,371,FOLLOWS
3053,107,421,FOLLOWS
3054,269,474,FOLLOWS
3055,40,160,FOLLOWS
3056,119,204,FOLLOWS
3057,176,430,FOLLOWS
3058,100,88,FOLLOWS
3059,81,483,FOLLOWS
3060,309,259,FOLLOWS
3061,123,232,FOLLOWS
3062,173,215,FOLLOWS
3063,131,479,FOLLOWS
3064,482,383,FOLLOWS
3065,188,323,FOLLOWS
3066,406,173,FOLLOWS
3067,29,267,FOLLOWS
3068,185,200,FOLLOWS
3069,351,234,FOLLOWS
3070,482,382,FOLLOWS
3071,488,90,FOLLOWS
3072,330,463,FOLLOWS
3073,60,124,FOLLOWS
3074,230,400,FOLLOWS
3075,458,271,FOLLOWS
3076,24,109,FOLLOWS
3077,192,315,FOLLOWS
3078,232,354,FOLLOWS
3079,311,421,FOLLOWS
3080,299,414,FOLLOWS
3081,438,234,FOLLOWS
3082,268,152,FOLLOWS
3083,151,11,FOLLOWS
3084,492,481,FOLLOWS
3085,319,359,FOLLOWS
3086,286,243,FOLLOWS
3087,111,159,FOLLOWS
3088,309,465,FOLLOWS
3089,146,424,FOLLOWS
3090,177,492,FOLLOWS
3091,223,175,FOLLOWS
3092,294,194,FOLLOWS
3093,111,8,FOLLOWS
3094,415,219,FOLLOWS
3095,161,293,FOLLOWS
3096,436,261,FOLLOWS
3097,427,492,FOLLOWS
3098,386,115,FOLLOWS
3099,199,258,FOLLOWS
3100,42,343,FOLLOWS
3101,422,438,FOLLOWS
3102,485,34,FOLLOWS
3103,38,440,FOLLOWS
3104,91,442,FOLLOWS
3105,144,139,FOLLOWS
3106,145,201,FOLLOWS
3107,285,409,FOLLOWS
3108,35,394,FOLLOWS
3109,497,100,FOLLOWS
3110,465,85,FOLLOWS
3111,41,309,FOLLOWS
3112,195,58,FOLLOWS
3113,343,163,FOLLOWS
3114,177,193,FOLLOWS
3115,112,230,FOLLOWS
3116,342,280,FOLLOWS
3117,136,304,FOLLOWS
3118,203,151,FOLLOWS
3119,499,419,FOLLOWS
3120,56,475,FOLLOWS
3121,342,263,FOLLOWS
3122,96,39,FOLLOWS
3123,83,328,FOLLOWS
3124,477,499,FOLLOWS
3125,294,280,FOLLOWS
3126,125,449,FOLLOWS
3127,164,210,FOLLOWS
3128,492,379,FOLLOWS
3129,233,245,FOLLOWS
3130,400,414,FOLLOWS
3131,406,8,FOLLOWS
3132,2,193,FOLLOWS
3133,93,115,FOLLOWS
3134,168,346,FOLLOWS
3135,38,293,FOLLOWS
3136,350,138,FOLLOWS
3137,488,82,FOLLOWS
3138,355,374,FOLLOWS
3139,34,332,FOLLOWS
3140,385,468,FOLLOWS
3141,336,226,FOLLOWS
3142,195,400,FOLLOWS
3143,429,428,FOLLOWS
3144,265,296,FOLLOWS
3145,200,196,FOLLOWS
3146,20,16,FOLLOWS
3147,437,192,FOLLOWS
3148,426,444,FOLLOWS
3149,469,168,FOLLOWS
3150,484,176,FOLLOWS
3151,496,295,FOLLOWS
3152,482,259,FOLLOWS
3153,287,167,FOLLOWS
3154,475,427,FOLLOWS
3155,25,102,FOLLOWS
3156,138,407,FOLLOWS
3157,158,46,FOLLOWS
3158,168,104,FOLLOWS
3159,357,443,FOLLOWS
3160,406,45,FOLLOWS
3161,182,91,FOLLOWS
3162,243,288,FOLLOWS
3163,179,206,FOLLOWS
3164,220,214,FOLLOWS
3165,253,362,FOLLOWS
3166,148,92,FOLLOWS
3167,61,496,FOLLOWS
3168,4,452,FOLLOWS
3169,80,411,FOLLOWS
3170,163,36,FOLLOWS
3171,350,52,FOLLOWS
3172,369,487,FOLLOWS
3173,413,417,FOLLOWS
3174,378,69,FOLLOWS
3175,33,65,FOLLOWS
3176,4,321,FOLLOWS
3177,5,454,FOLLOWS
3178,238,177,FOLLOWS
3179,461,337,FOLLOWS
3180,374,53,FOLLOWS
3181,282,445,FOLLOWS
3182,226,492,FOLLOWS
3183,241,90,FOLLOWS
3184,352,111,FOLLOWS
3185,122,460,FOLLOWS
3186,285,482,FOLLOWS
3187,58,110,FOLLOWS
3188,386,498,FOLLOWS
3189,281,97,FOLLOWS
3190,292,225,FOLLOWS
3191,264,183,FOLLOWS
3192,327,274,FOLLOWS
3193,143,155,FOLLOWS
3194,199,331,FOLLOWS
3195,165,57,FOLLOWS
3196,340,13,FOLLOWS
3197,102,245,FOLLOWS
3198,496,59,FOLLOWS
3199,25,325,FOLLOWS
3200,78,60,FOLLOWS
3201,61,444,FOLLOWS
3202,359,492,FOLLOWS
3203,382,345,FOLLOWS
3204,67,468,FOLLOWS
3205,374,110,FOLLOWS
3206,173,107,FOLLOWS
3207,398,267,FOLLOWS
3208,52,47,FOLLOWS
3209,321,269,FOLLOWS
3210,173,441,FOLLOWS
3211,188,496,FOLLOWS
3212,398,50,FOLLOWS
3213,233,61,FOLLOWS
3214,282,168,FOLLOWS
3215,133,483,FOLLOWS
3216,254,143,FOLLOWS
3217,307,318,FOLLOWS
3218,176,164,FOLLOWS
3219,147,17,FOLLOWS
3220,34,190,FOLLOWS
3221,191,146,FOLLOWS
3222,429,415,FOLLOWS
3223,20,107,FOLLOWS
3224,47,251,FOLLOWS
3225,344,188,FOLLOWS
3226,76,304,FOLLOWS
3227,101,261,FOLLOWS
3228,232,53,FOLLOWS
3229,237,365,FOLLOWS
3230,41,497,FOLLOWS
3231,154,103,FOLLOWS
3232,13,9,FOLLOWS
3233,94,179,FOLLOWS
3234,130,255,FOLLOWS
3235,62,288,FOLLOWS
3236,224,422,FOLLOWS
3237,181,300,FOLLOWS
3238,438,244,FOLLOWS
3239,342,240,FOLLOWS
3240,130,20,FOLLOWS
3241,324,357,FOLLOWS
3242,312,257,FOLLOWS
3243,307,421,FOLLOWS
3244,468,203,FOLLOWS
3245,332,34,FOLLOWS
3246,303,225,FOLLOWS
3247,285,384,FOLLOWS
3248,211,465,FOLLOWS
3249,147,488,FOLLOWS
3250,120,426,FOLLOWS
3251,166,224,FOLLOWS
3252,343,303,FOLLOWS
3253,14,110,FOLLOWS
3254,277,433,FOLLOWS
3255,46,211,FOLLOWS
3256,15,323,FOLLOWS
3257,322,133,FOLLOWS
3258,76,460,FOLLOWS
3259,375,429,FOLLOWS
3260,458,134,FOLLOWS
3261,93,432,FOLLOWS
3262,289,44,FOLLOWS
3263,419,303,FOLLOWS
3264,477,435,FOLLOWS
3265,58,182,FOLLOWS
3266,128,91,FOLLOWS
3267,371,194,FOLLOWS
3268,399,477,FOLLOWS
3269,150,328,FOLLOWS
3270,193,197,FOLLOWS
3271,220,14,FOLLOWS
3272,262,160,FOLLOWS
3273,174,53,FOLLOWS
3274,278,280,FOLLOWS
3275,405,399,FOLLOWS
3276,274,205,FOLLOWS
3277,257,117,FOLLOWS
3278,451,224,FOLLOWS
3279,133,203,FOLLOWS
3280,320,427,FOLLOWS
3281,154,38,FOLLOWS
3282,328,418,FOLLOWS
3283,209,56,FOLLOWS
3284,1,175,FOLLOWS
3285,206,171,FOLLOWS
3286,465,374,FOLLOWS
3287,75,50,FOLLOWS
3288,47,168,FOLLOWS
3289,180,59,FOLLOWS
3290,414,203,FOLLOWS
3291,161,128,FOLLOWS
3292,364,332,FOLLOWS
3293,264,297,FOLLOWS
3294,191,307,FOLLOWS
3295,249,4,FOLLOWS
3296,298,129,FOLLOWS
3297,151,472,FOLLOWS
3298,286,315,FOLLOWS
3299,255,211,FOLLOWS
3300,405,224,FOLLOWS
3301,413,312,FOLLOWS
3302,438,325,FOLLOWS
3303,28,56,FOLLOWS
3304,118,474,FOLLOWS
3305,90,78,FOLLOWS
3306,54,41,FOLLOWS
3307,364,52,FOLLOWS
3308,254,287,FOLLOWS
3309,448,41,FOLLOWS
3310,471,85,FOLLOWS
3311,271,129,FOLLOWS
3312,389,453,FOLLOWS
3313,386,273,FOLLOWS
3314,159,66,FOLLOWS
3315,487,138,FOLLOWS
3316,347,484,FOLLOWS
3317,75,446,FOLLOWS
3318,484,100,FOLLOWS
3319,397,204,FOLLOWS
3320,251,87,FOLLOWS
3321,127,424,FOLLOWS
3322,406,118,FOLLOWS
3323,157,7,FOLLOWS
3324,472,442,FOLLOWS
3325,325,380,FOLLOWS
3326,264,464,FOLLOWS
3327,143,131,FOLLOWS
3328,135,219,FOLLOWS
3329,55,8,FOLLOWS
3330,330,306,FOLLOWS
3331,354,307,FOLLOWS
3332,162,247,FOLLOWS
3333,69,429,FOLLOWS
3334,19,415,FOLLOWS
3335,374,307,FOLLOWS
3336,90,138,FOLLOWS
3337,267,121,FOLLOWS
3338,474,109,FOLLOWS
3339,63,23,FOLLOWS
3340,8,95,FOLLOWS
3341,456,2,FOLLOWS
3342,223,195,FOLLOWS
3343,6,281,FOLLOWS
3344,152,97,FOLLOWS
3345,329,484,FOLLOWS
3346,262,387,FOLLOWS
3347,329,71,FOLLOWS
3348,405,51,FOLLOWS
3349,207,469,FOLLOWS
3350,302,195,FOLLOWS
3351,39,170,FOLLOWS
3352,217,138,FOLLOWS
3353,45,363,FOLLOWS
3354,116,145,FOLLOWS
3355,229,278,FOLLOWS
3356,470,303,FOLLOWS
3357,317,241,FOLLOWS
3358,215,281,FOLLOWS
3359,236,402,FOLLOWS
3360,220,93,FOLLOWS
3361,460,194,FOLLOWS
3362,305,122,FOLLOWS
3363,483,45,FOLLOWS
3364,284,438,FOLLOWS
3365,198,309,FOLLOWS
3366,75,144,FOLLOWS
3367,71,224,FOLLOWS
3368,39,231,FOLLOWS
3369,349,151,FOLLOWS
3370,427,428,FOLLOWS
3371,255,426,FOLLOWS
3372,176,210,FOLLOWS
3373,28,236,FOLLOWS
3374,424,70,FOLLOWS
3375,258,84,FOLLOWS
3376,30,46,FOLLOWS
3377,265,94,FOLLOWS
3378,396,192,FOLLOWS
3379,386,486,FOLLOWS
3380,60,295,FOLLOWS
3381,1,313,FOLLOWS
3382,96,219,FOLLOWS
3383,292,70,FOLLOWS
3384,221,304,FOLLOWS
3385,365,168,FOLLOWS
3386,416,276,FOLLOWS
3387,37,19,FOLLOWS
3388,24,79,FOLLOWS
3389,280,223,FOLLOWS
3390,129,457,FOLLOWS
3391,156,496,FOLLOWS
3392,71,277,FOLLOWS
3393,172,28,FOLLOWS
3394,228,475,FOLLOWS
3395,106,290,FOLLOWS
3396,423,5,FOLLOWS
3397,277,480,FOLLOWS
3398,393,167,FOLLOWS
3399,482,199,FOLLOWS
3400,352,10,FOLLOWS
3401,352,360,FOLLOWS
3402,325,13,FOLLOWS
3403,26,41,FOLLOWS
3404,225,145,FOLLOWS
3405,428,253,FOLLOWS
3406,227,361,FOLLOWS
3407,460,297,FOLLOWS
3408,143,179,FOLLOWS
3409,315,466,FOLLOWS
3410,125,466,FOLLOWS
3411,291,175,FOLLOWS
3412,186,199,FOLLOWS
3413,423,281,FOLLOWS
3414,245,135,FOLLOWS
3415,357,459,FOLLOWS
3416,246,257,FOLLOWS
3417,192,442,FOLLOWS
3418,2,202,FOLLOWS
3419,81,172,FOLLOWS
3420,425,6,FOLLOWS
3421,147,55,FOLLOWS
3422,131,95,FOLLOWS
3423,170,439,FOLLOWS
3424,130,125,FOLLOWS
3425,454,463,FOLLOWS
3426,197,202,FOLLOWS
3427,407,70,FOLLOWS
3428,290,441,FOLLOWS
3429,395,217,FOLLOWS
3430,203,24,FOLLOWS
3431,412,452,FOLLOWS
3432,5,453,FOLLOWS
3433,235,190,FOLLOWS
3434,96,40,FOLLOWS
3435,238,456,FOLLOWS
3436,306,65,FOLLOWS
3437,228,59,FOLLOWS
3438,177,432,FOLLOWS
3439,93,97,FOLLOWS
3440,491,87,FOLLOWS
3441,88,35,FOLLOWS
3442,361,354,FOLLOWS
3443,285,265,FOLLOWS
3444,310,440,FOLLOWS
3445,246,461,FOLLOWS
3446,71,87,FOLLOWS
3447,245,84,FOLLOWS
3448,151,275,FOLLOWS
3449,31,130,FOLLOWS
3450,383,57,FOLLOWS
3451,357,77,FOLLOWS
3452,172,454,FOLLOWS
3453,130,203,FOLLOWS
3454,350,423,FOLLOWS
3455,411,445,FOLLOWS
3456,257,29,FOLLOWS
3457,465,202,FOLLOWS
3458,477,79,FOLLOWS
3459,186,31,FOLLOWS
3460,291,214,FOLLOWS
3461,131,111,FOLLOWS
3462,165,137,FOLLOWS
3463,52,348,FOLLOWS
3464,123,371,FOLLOWS
3465,421,365,FOLLOWS
3466,135,113,FOLLOWS
3467,174,413,FOLLOWS
3468,121,116,FOLLOWS
3469,354,124,FOLLOWS
3470,206,301,FOLLOWS
3471,33,221,FOLLOWS
3472,144,65,FOLLOWS
3473,295,196,FOLLOWS
3474,433,229,FOLLOWS
3475,70,123,FOLLOWS
3476,137,93,FOLLOWS
3477,279,299,FOLLOWS
3478,406,460,FOLLOWS
3479,213,419,FOLLOWS
3480,463,10,FOLLOWS
3481,163,81,FOLLOWS
3482,379,459,FOLLOWS
3483,380,421,FOLLOWS
3484,100,240,FOLLOWS
3485,143,467,FOLLOWS
3486,323,359,FOLLOWS
3487,79,417,FOLLOWS
3488,275,33,FOLLOWS
3489,374,66,FOLLOWS
3490,96,164,FOLLOWS
3491,413,322,FOLLOWS
3492,102,63,FOLLOWS
3493,308,331,FOLLOWS
3494,402,127,FOLLOWS
3495,338,350,FOLLOWS
3496,121,76,FOLLOWS
3497,312,90,FOLLOWS
3498,116,67,FOLLOWS
3499,47,465,FOLLOWS
3500,500,236,FOLLOWS
